word,usage_count,min_count,max_count,mean_count,median_count,std_count,imbalance_ratio
motiv,291,291,291,198.3,162.0,72.77643849488652,2.9693877551020407
kvinna,290,290,290,198.3,162.0,72.77643849488652,2.9693877551020407
herre,283,283,283,198.3,162.0,72.77643849488652,2.9693877551020407
fru,274,274,274,198.3,162.0,72.77643849488652,2.9693877551020407
fröken,174,174,174,198.3,162.0,72.77643849488652,2.9693877551020407
förort,150,150,150,198.3,162.0,72.77643849488652,2.9693877551020407
exportera,149,149,149,198.3,162.0,72.77643849488652,2.9693877551020407
dumpa,145,145,145,198.3,162.0,72.77643849488652,2.9693877551020407
suga,129,129,129,198.3,162.0,72.77643849488652,2.9693877551020407
skär,98,98,98,198.3,162.0,72.77643849488652,2.9693877551020407
