model,feature,importance
eda_features_random_forest,categorical__word_exportera,0.024776999962949908
eda_features_random_forest,categorical__word_herre,0.02038343892363372
eda_features_random_forest,numeric__target_position,0.01992436315776337
eda_features_random_forest,text__fru,0.019539886695256307
eda_features_random_forest,categorical__word_fru,0.01828533226780379
eda_features_random_forest,text__exportera,0.013654273252442976
eda_features_random_forest,text__sin fru,0.011074817060754652
eda_features_random_forest,text__herrar,0.01048207268403353
eda_features_random_forest,categorical__word_motiv,0.009315670357067644
eda_features_random_forest,text__motiv från,0.008332692763637666
eda_features_random_forest,text__fröken,0.007663380314509928
eda_features_random_forest,text__hans,0.007123296190527225
eda_features_random_forest,text__att exportera,0.0066978886357617175
eda_features_random_forest,categorical__word_fröken,0.006497572289539617
eda_features_random_forest,text__motivet,0.006389469648847596
eda_features_random_forest,text__herrarnas,0.006328056404863144
eda_features_random_forest,text__hans fru,0.006073616511620903
eda_features_random_forest,text__damer,0.005905022356547576
eda_features_random_forest,text__herrarna,0.005780301950387498
eda_features_random_forest,text__som,0.005668909965396282
eda_features_random_forest,numeric__text_length_chars,0.005637807211361341
eda_features_random_forest,text__motivet till,0.0055645844113711325
eda_features_random_forest,text__sverige,0.00511190323210053
eda_features_random_forest,text__exporterar,0.005074655138539215
eda_features_random_forest,numeric__stopword_ratio,0.005030478460602949
eda_features_random_forest,text__barn,0.004908601214033049
eda_features_random_forest,text__länder,0.004837786030369304
eda_features_random_forest,text__min fru,0.004806516652509325
eda_features_random_forest,text__till,0.004777711251686624
eda_features_random_forest,categorical__pos_VB,0.004546440788915821
eda_features_random_forest,numeric__token_count,0.004452685569627756
eda_features_random_forest,text__suga,0.004419522228750437
eda_features_random_forest,numeric__avg_token_length,0.004249644821970956
eda_features_random_forest,text__kvinna,0.0041376840854923345
eda_features_random_forest,categorical__word_kvinna,0.00388593975101811
eda_features_random_forest,text__förorten,0.0038051635746416336
eda_features_random_forest,text__vapen,0.0037546326175420743
eda_features_random_forest,text__af,0.003588394732363444
eda_features_random_forest,text__på,0.0035616415910994887
eda_features_random_forest,text__havet,0.003548625742724772
eda_features_random_forest,numeric__punctuation_ratio,0.0035417272729219586
eda_features_random_forest,text__sin,0.003506229326679078
eda_features_random_forest,text__frun,0.0034929714751068376
eda_features_random_forest,text__att,0.003443450398433235
eda_features_random_forest,text__kvinnan,0.003337664944173456
eda_features_random_forest,text__av,0.003334136260258596
eda_features_random_forest,categorical__word_suga,0.0033113024001870895
eda_features_random_forest,text__skära,0.003241415719059538
eda_features_random_forest,text__för herrar,0.003234867292288368
eda_features_random_forest,numeric__digit_ratio,0.003229862297899083
eda_features_random_forest,text__med sin,0.003206895779016263
eda_features_random_forest,text__och fröken,0.0031292450989768078
eda_features_random_forest,text__suga upp,0.002985692846722462
eda_features_random_forest,text__östersjön,0.0029245990639266105
eda_features_random_forest,text__fru och,0.0027724824962384147
eda_features_random_forest,text__eu,0.0027653690897544384
eda_features_random_forest,text__om,0.0027452499448371494
eda_features_random_forest,text__från,0.0026106708610677616
eda_features_random_forest,text__fruar,0.002530825697237806
eda_features_random_forest,numeric__unique_token_count,0.0025251823228580046
eda_features_random_forest,text__hur,0.002448955617828721
eda_features_random_forest,text__deras,0.0024399245586908844
eda_features_random_forest,text__de,0.0023740356791133034
eda_features_random_forest,text__jag,0.0023513917867705567
eda_features_random_forest,text__vi,0.0022955011763102283
eda_features_random_forest,text__alla,0.0022716254716774998
eda_features_random_forest,text__ryssland,0.0022656440723159772
eda_features_random_forest,text__en kvinna,0.002248092440564896
eda_features_random_forest,text__miljoner,0.0022269126221276013
eda_features_random_forest,text__är,0.0022228671487175555
eda_features_random_forest,text__med,0.002220075546615424
eda_features_random_forest,numeric__type_token_ratio,0.00221513230595008
eda_features_random_forest,text__en,0.0022102813806975405
eda_features_random_forest,text__kina,0.0022094267921293435
eda_features_random_forest,text__var,0.0021743754196366385
eda_features_random_forest,text__kan,0.0021714298042725066
eda_features_random_forest,text__inom,0.0021712225915934925
eda_features_random_forest,text__aldrig,0.002144459163796287
eda_features_random_forest,text__vara,0.002135711488648465
eda_features_random_forest,text__en förort,0.0021207194250481174
eda_features_random_forest,text__och,0.0020194572589447525
eda_features_random_forest,text__under,0.0020167741951932923
eda_features_random_forest,text__den,0.0020116352584104618
eda_features_random_forest,text__upp,0.0019784291734570142
eda_features_random_forest,text__motiv,0.0019709806693274778
eda_features_random_forest,text__då,0.001955223552995536
eda_features_random_forest,text__skär,0.0019371289750618453
eda_features_random_forest,text__min,0.0018946845219379909
eda_features_random_forest,text__annat,0.0018754384977772431
eda_features_random_forest,text__för att,0.001866858049717392
eda_features_random_forest,text__mot,0.001806002833212021
eda_features_random_forest,text__denna,0.0018051365938207312
eda_features_random_forest,text__och de,0.001805000332940705
eda_features_random_forest,text__sig,0.0017828738511183192
eda_features_random_forest,text__företag,0.0017806229600390616
eda_features_random_forest,text__öfver,0.0017767205438894943
eda_features_random_forest,text__eller,0.0017163634072729767
eda_features_random_forest,text__förort,0.0016830089675120557
eda_features_random_forest,categorical__pos_NN,0.001673548639287711
eda_features_random_forest,text__damer och,0.0016585994654006264
