distribution_type,word,period_label,category,count,proportion
cluster,dumpa,2006-2007,0,20,0.6666666666666666
cluster,dumpa,2006-2007,1,5,0.16666666666666666
cluster,dumpa,2006-2007,2,5,0.16666666666666666
cluster,dumpa,2010-2011,0,10,0.35714285714285715
cluster,dumpa,2010-2011,1,10,0.35714285714285715
cluster,dumpa,2010-2011,2,8,0.2857142857142857
cluster,dumpa,2014-2015,0,12,0.4444444444444444
cluster,dumpa,2014-2015,1,6,0.2222222222222222
cluster,dumpa,2014-2015,2,9,0.3333333333333333
cluster,dumpa,2018-2019,0,11,0.36666666666666664
cluster,dumpa,2018-2019,1,6,0.2
cluster,dumpa,2018-2019,2,13,0.43333333333333335
cluster,dumpa,2022-2023,0,13,0.43333333333333335
cluster,dumpa,2022-2023,1,9,0.3
cluster,dumpa,2022-2023,2,8,0.26666666666666666
cluster,exportera,2006-2007,0,9,0.3
cluster,exportera,2006-2007,1,3,0.1
cluster,exportera,2006-2007,2,18,0.6
cluster,exportera,2010-2011,0,3,0.1
cluster,exportera,2010-2011,1,17,0.5666666666666667
cluster,exportera,2010-2011,2,10,0.3333333333333333
cluster,exportera,2014-2015,0,5,0.1724137931034483
cluster,exportera,2014-2015,1,5,0.1724137931034483
cluster,exportera,2014-2015,2,19,0.6551724137931034
cluster,exportera,2018-2019,0,4,0.13333333333333333
cluster,exportera,2018-2019,1,5,0.16666666666666666
cluster,exportera,2018-2019,2,21,0.7
cluster,exportera,2022-2023,0,2,0.06666666666666667
cluster,exportera,2022-2023,1,11,0.36666666666666664
cluster,exportera,2022-2023,2,17,0.5666666666666667
cluster,fru,1880-1883,0,11,0.3793103448275862
cluster,fru,1880-1883,1,6,0.20689655172413793
cluster,fru,1880-1883,2,12,0.41379310344827586
cluster,fru,1888-1891,0,12,0.46153846153846156
cluster,fru,1888-1891,1,4,0.15384615384615385
cluster,fru,1888-1891,2,10,0.38461538461538464
cluster,fru,1896-1899,0,6,0.2608695652173913
cluster,fru,1896-1899,1,7,0.30434782608695654
cluster,fru,1896-1899,2,10,0.43478260869565216
cluster,fru,1904-1907,0,5,0.2777777777777778
cluster,fru,1904-1907,1,2,0.1111111111111111
cluster,fru,1904-1907,2,11,0.6111111111111112
cluster,fru,1912-1915,0,8,0.2857142857142857
cluster,fru,1912-1915,1,5,0.17857142857142858
cluster,fru,1912-1915,2,15,0.5357142857142857
cluster,fru,2006-2007,0,1,0.03333333333333333
cluster,fru,2006-2007,2,29,0.9666666666666667
cluster,fru,2010-2011,1,1,0.03333333333333333
cluster,fru,2010-2011,2,29,0.9666666666666667
cluster,fru,2014-2015,1,3,0.1
cluster,fru,2014-2015,2,27,0.9
cluster,fru,2018-2019,0,2,0.06666666666666667
cluster,fru,2018-2019,1,3,0.1
cluster,fru,2018-2019,2,25,0.8333333333333334
cluster,fru,2022-2023,2,30,1.0
cluster,fröken,1880-1883,0,14,0.5
cluster,fröken,1880-1883,1,5,0.17857142857142858
cluster,fröken,1880-1883,2,9,0.32142857142857145
cluster,fröken,1888-1891,0,15,0.6521739130434783
cluster,fröken,1888-1891,1,1,0.043478260869565216
cluster,fröken,1888-1891,2,7,0.30434782608695654
cluster,fröken,1896-1899,0,16,0.5333333333333333
cluster,fröken,1896-1899,1,10,0.3333333333333333
cluster,fröken,1896-1899,2,4,0.13333333333333333
cluster,fröken,1904-1907,0,16,0.6956521739130435
cluster,fröken,1904-1907,1,3,0.13043478260869565
cluster,fröken,1904-1907,2,4,0.17391304347826086
cluster,fröken,1912-1915,0,15,0.6521739130434783
cluster,fröken,1912-1915,1,5,0.21739130434782608
cluster,fröken,1912-1915,2,3,0.13043478260869565
cluster,fröken,2006-2007,0,4,1.0
cluster,fröken,2010-2011,0,9,1.0
cluster,fröken,2014-2015,0,23,1.0
cluster,fröken,2018-2019,0,7,1.0
cluster,fröken,2022-2023,0,4,1.0
cluster,förort,2006-2007,0,13,0.43333333333333335
cluster,förort,2006-2007,1,5,0.16666666666666666
cluster,förort,2006-2007,2,12,0.4
cluster,förort,2010-2011,0,12,0.4
cluster,förort,2010-2011,1,5,0.16666666666666666
cluster,förort,2010-2011,2,13,0.43333333333333335
cluster,förort,2014-2015,0,14,0.4666666666666667
cluster,förort,2014-2015,1,5,0.16666666666666666
cluster,förort,2014-2015,2,11,0.36666666666666664
cluster,förort,2018-2019,0,13,0.43333333333333335
cluster,förort,2018-2019,1,7,0.23333333333333334
cluster,förort,2018-2019,2,10,0.3333333333333333
cluster,förort,2022-2023,0,14,0.4666666666666667
cluster,förort,2022-2023,1,6,0.2
cluster,förort,2022-2023,2,10,0.3333333333333333
cluster,herre,1880-1883,0,1,0.03571428571428571
cluster,herre,1880-1883,1,8,0.2857142857142857
cluster,herre,1880-1883,2,19,0.6785714285714286
cluster,herre,1888-1891,0,1,0.041666666666666664
cluster,herre,1888-1891,1,7,0.2916666666666667
cluster,herre,1888-1891,2,16,0.6666666666666666
cluster,herre,1896-1899,0,1,0.037037037037037035
cluster,herre,1896-1899,1,14,0.5185185185185185
cluster,herre,1896-1899,2,12,0.4444444444444444
cluster,herre,1904-1907,1,10,0.37037037037037035
cluster,herre,1904-1907,2,17,0.6296296296296297
cluster,herre,1912-1915,0,2,0.07142857142857142
cluster,herre,1912-1915,1,7,0.25
cluster,herre,1912-1915,2,19,0.6785714285714286
cluster,herre,2006-2007,0,1,0.034482758620689655
cluster,herre,2006-2007,1,1,0.034482758620689655
cluster,herre,2006-2007,2,27,0.9310344827586207
cluster,herre,2010-2011,0,4,0.13333333333333333
cluster,herre,2010-2011,1,3,0.1
cluster,herre,2010-2011,2,23,0.7666666666666667
cluster,herre,2014-2015,0,1,0.03333333333333333
cluster,herre,2014-2015,1,1,0.03333333333333333
cluster,herre,2014-2015,2,28,0.9333333333333333
cluster,herre,2018-2019,0,4,0.13333333333333333
cluster,herre,2018-2019,1,3,0.1
cluster,herre,2018-2019,2,23,0.7666666666666667
cluster,herre,2022-2023,0,1,0.03333333333333333
cluster,herre,2022-2023,1,1,0.03333333333333333
cluster,herre,2022-2023,2,28,0.9333333333333333
cluster,kvinna,1880-1883,0,7,0.23333333333333334
cluster,kvinna,1880-1883,1,9,0.3
cluster,kvinna,1880-1883,2,14,0.4666666666666667
cluster,kvinna,1888-1891,0,11,0.44
cluster,kvinna,1888-1891,1,10,0.4
cluster,kvinna,1888-1891,2,4,0.16
cluster,kvinna,1896-1899,0,10,0.3448275862068966
cluster,kvinna,1896-1899,1,9,0.3103448275862069
cluster,kvinna,1896-1899,2,10,0.3448275862068966
cluster,kvinna,1904-1907,0,12,0.4444444444444444
cluster,kvinna,1904-1907,1,5,0.18518518518518517
cluster,kvinna,1904-1907,2,10,0.37037037037037035
cluster,kvinna,1912-1915,0,7,0.2413793103448276
cluster,kvinna,1912-1915,1,7,0.2413793103448276
cluster,kvinna,1912-1915,2,15,0.5172413793103449
cluster,kvinna,2006-2007,1,19,0.6333333333333333
cluster,kvinna,2006-2007,2,11,0.36666666666666664
cluster,kvinna,2010-2011,0,3,0.1
cluster,kvinna,2010-2011,1,16,0.5333333333333333
cluster,kvinna,2010-2011,2,11,0.36666666666666664
cluster,kvinna,2014-2015,0,2,0.06666666666666667
cluster,kvinna,2014-2015,1,24,0.8
cluster,kvinna,2014-2015,2,4,0.13333333333333333
cluster,kvinna,2018-2019,0,2,0.06666666666666667
cluster,kvinna,2018-2019,1,20,0.6666666666666666
cluster,kvinna,2018-2019,2,8,0.26666666666666666
cluster,kvinna,2022-2023,0,1,0.03333333333333333
cluster,kvinna,2022-2023,1,21,0.7
cluster,kvinna,2022-2023,2,8,0.26666666666666666
cluster,motiv,1880-1883,0,15,0.5172413793103449
cluster,motiv,1880-1883,1,14,0.4827586206896552
cluster,motiv,1888-1891,0,13,0.48148148148148145
cluster,motiv,1888-1891,1,10,0.37037037037037035
cluster,motiv,1888-1891,2,4,0.14814814814814814
cluster,motiv,1896-1899,0,16,0.5517241379310345
cluster,motiv,1896-1899,1,13,0.4482758620689655
cluster,motiv,1904-1907,0,19,0.6333333333333333
cluster,motiv,1904-1907,1,11,0.36666666666666664
cluster,motiv,1912-1915,0,18,0.6
cluster,motiv,1912-1915,1,10,0.3333333333333333
cluster,motiv,1912-1915,2,2,0.06666666666666667
cluster,motiv,2006-2007,0,24,0.8275862068965517
cluster,motiv,2006-2007,1,1,0.034482758620689655
cluster,motiv,2006-2007,2,4,0.13793103448275862
cluster,motiv,2010-2011,0,27,0.9310344827586207
cluster,motiv,2010-2011,2,2,0.06896551724137931
cluster,motiv,2014-2015,0,28,0.9655172413793104
cluster,motiv,2014-2015,2,1,0.034482758620689655
cluster,motiv,2018-2019,0,25,0.8620689655172413
cluster,motiv,2018-2019,1,1,0.034482758620689655
cluster,motiv,2018-2019,2,3,0.10344827586206896
cluster,motiv,2022-2023,0,27,0.9
cluster,motiv,2022-2023,1,1,0.03333333333333333
cluster,motiv,2022-2023,2,2,0.06666666666666667
cluster,skär,1880-1883,0,5,0.2631578947368421
cluster,skär,1880-1883,1,14,0.7368421052631579
cluster,skär,1888-1891,0,5,0.35714285714285715
cluster,skär,1888-1891,1,7,0.5
cluster,skär,1888-1891,2,2,0.14285714285714285
cluster,skär,1896-1899,0,5,0.20833333333333334
cluster,skär,1896-1899,1,18,0.75
cluster,skär,1896-1899,2,1,0.041666666666666664
cluster,skär,1904-1907,0,4,0.25
cluster,skär,1904-1907,1,12,0.75
cluster,skär,1912-1915,0,6,0.24
cluster,skär,1912-1915,1,19,0.76
cluster,suga,2006-2007,0,2,0.07407407407407407
cluster,suga,2006-2007,1,5,0.18518518518518517
cluster,suga,2006-2007,2,20,0.7407407407407407
cluster,suga,2010-2011,0,6,0.2222222222222222
cluster,suga,2010-2011,1,8,0.2962962962962963
cluster,suga,2010-2011,2,13,0.48148148148148145
cluster,suga,2014-2015,0,2,0.08333333333333333
cluster,suga,2014-2015,1,7,0.2916666666666667
cluster,suga,2014-2015,2,15,0.625
cluster,suga,2018-2019,0,4,0.17391304347826086
cluster,suga,2018-2019,1,6,0.2608695652173913
cluster,suga,2018-2019,2,13,0.5652173913043478
cluster,suga,2022-2023,0,3,0.10714285714285714
cluster,suga,2022-2023,1,10,0.35714285714285715
cluster,suga,2022-2023,2,15,0.5357142857142857
singleton_gold_sense,dumpa,2006-2007,10,1,0.06666666666666667
singleton_gold_sense,dumpa,2006-2007,5,13,0.8666666666666667
singleton_gold_sense,dumpa,2006-2007,8,1,0.06666666666666667
singleton_gold_sense,dumpa,2010-2011,10,1,0.058823529411764705
singleton_gold_sense,dumpa,2010-2011,5,15,0.8823529411764706
singleton_gold_sense,dumpa,2010-2011,7,1,0.058823529411764705
singleton_gold_sense,dumpa,2014-2015,10,3,0.14285714285714285
singleton_gold_sense,dumpa,2014-2015,5,18,0.8571428571428571
singleton_gold_sense,dumpa,2018-2019,10,2,0.08
singleton_gold_sense,dumpa,2018-2019,13,1,0.04
singleton_gold_sense,dumpa,2018-2019,2,1,0.04
singleton_gold_sense,dumpa,2018-2019,5,20,0.8
singleton_gold_sense,dumpa,2018-2019,8,1,0.04
singleton_gold_sense,dumpa,2022-2023,10,1,0.04
singleton_gold_sense,dumpa,2022-2023,5,18,0.72
singleton_gold_sense,dumpa,2022-2023,7,3,0.12
singleton_gold_sense,dumpa,2022-2023,8,3,0.12
singleton_gold_sense,exportera,2006-2007,1,27,0.9
singleton_gold_sense,exportera,2006-2007,3,3,0.1
singleton_gold_sense,exportera,2010-2011,1,30,1.0
singleton_gold_sense,exportera,2014-2015,1,27,0.9310344827586207
singleton_gold_sense,exportera,2014-2015,3,2,0.06896551724137931
singleton_gold_sense,exportera,2018-2019,1,30,1.0
singleton_gold_sense,exportera,2022-2023,1,27,0.9
singleton_gold_sense,exportera,2022-2023,3,2,0.06666666666666667
singleton_gold_sense,exportera,2022-2023,4,1,0.03333333333333333
singleton_gold_sense,fru,1880-1883,1,3,0.21428571428571427
singleton_gold_sense,fru,1880-1883,2,2,0.14285714285714285
singleton_gold_sense,fru,1880-1883,4,2,0.14285714285714285
singleton_gold_sense,fru,1880-1883,5,7,0.5
singleton_gold_sense,fru,1888-1891,1,2,0.2857142857142857
singleton_gold_sense,fru,1888-1891,3,1,0.14285714285714285
singleton_gold_sense,fru,1888-1891,5,4,0.5714285714285714
singleton_gold_sense,fru,1896-1899,1,3,0.42857142857142855
singleton_gold_sense,fru,1896-1899,2,1,0.14285714285714285
singleton_gold_sense,fru,1896-1899,5,3,0.42857142857142855
singleton_gold_sense,fru,1904-1907,1,3,0.42857142857142855
singleton_gold_sense,fru,1904-1907,2,2,0.2857142857142857
singleton_gold_sense,fru,1904-1907,5,2,0.2857142857142857
singleton_gold_sense,fru,1912-1915,1,3,0.25
singleton_gold_sense,fru,1912-1915,2,2,0.16666666666666666
singleton_gold_sense,fru,1912-1915,5,7,0.5833333333333334
singleton_gold_sense,fru,2006-2007,5,30,1.0
singleton_gold_sense,fru,2010-2011,5,28,1.0
singleton_gold_sense,fru,2014-2015,5,30,1.0
singleton_gold_sense,fru,2018-2019,2,1,0.03333333333333333
singleton_gold_sense,fru,2018-2019,5,29,0.9666666666666667
singleton_gold_sense,fru,2022-2023,4,1,0.03333333333333333
singleton_gold_sense,fru,2022-2023,5,29,0.9666666666666667
singleton_gold_sense,fröken,1880-1883,4,28,1.0
singleton_gold_sense,fröken,1888-1891,3,1,0.043478260869565216
singleton_gold_sense,fröken,1888-1891,4,22,0.9565217391304348
singleton_gold_sense,fröken,1896-1899,4,27,0.9642857142857143
singleton_gold_sense,fröken,1896-1899,5,1,0.03571428571428571
singleton_gold_sense,fröken,1904-1907,4,19,0.8636363636363636
singleton_gold_sense,fröken,1904-1907,5,3,0.13636363636363635
singleton_gold_sense,fröken,1912-1915,3,2,0.10526315789473684
singleton_gold_sense,fröken,1912-1915,4,16,0.8421052631578947
singleton_gold_sense,fröken,1912-1915,5,1,0.05263157894736842
singleton_gold_sense,fröken,2006-2007,4,2,0.5
singleton_gold_sense,fröken,2006-2007,5,2,0.5
singleton_gold_sense,fröken,2010-2011,2,1,0.1111111111111111
singleton_gold_sense,fröken,2010-2011,4,3,0.3333333333333333
singleton_gold_sense,fröken,2010-2011,5,5,0.5555555555555556
singleton_gold_sense,fröken,2014-2015,4,16,0.6956521739130435
singleton_gold_sense,fröken,2014-2015,5,7,0.30434782608695654
singleton_gold_sense,fröken,2018-2019,4,4,0.5714285714285714
singleton_gold_sense,fröken,2018-2019,5,3,0.42857142857142855
singleton_gold_sense,fröken,2022-2023,4,3,0.75
singleton_gold_sense,fröken,2022-2023,5,1,0.25
singleton_gold_sense,förort,2006-2007,2,8,0.6153846153846154
singleton_gold_sense,förort,2006-2007,3,5,0.38461538461538464
singleton_gold_sense,förort,2010-2011,2,6,0.5454545454545454
singleton_gold_sense,förort,2010-2011,3,5,0.45454545454545453
singleton_gold_sense,förort,2014-2015,2,7,0.4666666666666667
singleton_gold_sense,förort,2014-2015,3,8,0.5333333333333333
singleton_gold_sense,förort,2018-2019,2,3,0.17647058823529413
singleton_gold_sense,förort,2018-2019,3,14,0.8235294117647058
singleton_gold_sense,förort,2022-2023,2,6,0.4
singleton_gold_sense,förort,2022-2023,3,9,0.6
singleton_gold_sense,herre,1880-1883,1,10,0.7142857142857143
singleton_gold_sense,herre,1880-1883,5,2,0.14285714285714285
singleton_gold_sense,herre,1880-1883,7,1,0.07142857142857142
singleton_gold_sense,herre,1880-1883,8,1,0.07142857142857142
singleton_gold_sense,herre,1888-1891,1,6,0.375
singleton_gold_sense,herre,1888-1891,5,1,0.0625
singleton_gold_sense,herre,1888-1891,6,1,0.0625
singleton_gold_sense,herre,1888-1891,7,7,0.4375
singleton_gold_sense,herre,1888-1891,8,1,0.0625
singleton_gold_sense,herre,1896-1899,1,13,0.5909090909090909
singleton_gold_sense,herre,1896-1899,2,1,0.045454545454545456
singleton_gold_sense,herre,1896-1899,4,1,0.045454545454545456
singleton_gold_sense,herre,1896-1899,6,1,0.045454545454545456
singleton_gold_sense,herre,1896-1899,7,4,0.18181818181818182
singleton_gold_sense,herre,1896-1899,8,2,0.09090909090909091
singleton_gold_sense,herre,1904-1907,1,11,0.6111111111111112
singleton_gold_sense,herre,1904-1907,3,1,0.05555555555555555
singleton_gold_sense,herre,1904-1907,5,1,0.05555555555555555
singleton_gold_sense,herre,1904-1907,7,2,0.1111111111111111
singleton_gold_sense,herre,1904-1907,8,3,0.16666666666666666
singleton_gold_sense,herre,1912-1915,1,17,0.7727272727272727
singleton_gold_sense,herre,1912-1915,5,1,0.045454545454545456
singleton_gold_sense,herre,1912-1915,8,4,0.18181818181818182
singleton_gold_sense,herre,2006-2007,1,29,1.0
singleton_gold_sense,herre,2010-2011,1,28,0.9333333333333333
singleton_gold_sense,herre,2010-2011,5,1,0.03333333333333333
singleton_gold_sense,herre,2010-2011,7,1,0.03333333333333333
singleton_gold_sense,herre,2014-2015,1,28,0.9333333333333333
singleton_gold_sense,herre,2014-2015,5,1,0.03333333333333333
singleton_gold_sense,herre,2014-2015,8,1,0.03333333333333333
singleton_gold_sense,herre,2018-2019,1,30,1.0
singleton_gold_sense,herre,2022-2023,1,30,1.0
singleton_gold_sense,kvinna,1880-1883,1,1,0.034482758620689655
singleton_gold_sense,kvinna,1880-1883,3,22,0.7586206896551724
singleton_gold_sense,kvinna,1880-1883,4,6,0.20689655172413793
singleton_gold_sense,kvinna,1888-1891,3,19,0.76
singleton_gold_sense,kvinna,1888-1891,4,6,0.24
singleton_gold_sense,kvinna,1896-1899,3,20,0.7407407407407407
singleton_gold_sense,kvinna,1896-1899,4,7,0.25925925925925924
singleton_gold_sense,kvinna,1904-1907,3,17,0.6538461538461539
singleton_gold_sense,kvinna,1904-1907,4,9,0.34615384615384615
singleton_gold_sense,kvinna,1912-1915,2,1,0.034482758620689655
singleton_gold_sense,kvinna,1912-1915,3,16,0.5517241379310345
singleton_gold_sense,kvinna,1912-1915,4,12,0.41379310344827586
singleton_gold_sense,kvinna,2006-2007,3,28,0.9333333333333333
singleton_gold_sense,kvinna,2006-2007,4,2,0.06666666666666667
singleton_gold_sense,kvinna,2010-2011,3,25,0.8333333333333334
singleton_gold_sense,kvinna,2010-2011,4,5,0.16666666666666666
singleton_gold_sense,kvinna,2014-2015,3,25,0.8333333333333334
singleton_gold_sense,kvinna,2014-2015,4,5,0.16666666666666666
singleton_gold_sense,kvinna,2018-2019,3,22,0.7333333333333333
singleton_gold_sense,kvinna,2018-2019,4,8,0.26666666666666666
singleton_gold_sense,kvinna,2022-2023,3,26,0.9285714285714286
singleton_gold_sense,kvinna,2022-2023,4,2,0.07142857142857142
singleton_gold_sense,motiv,1880-1883,3,10,0.3448275862068966
singleton_gold_sense,motiv,1880-1883,4,16,0.5517241379310345
singleton_gold_sense,motiv,1880-1883,6,3,0.10344827586206896
singleton_gold_sense,motiv,1888-1891,2,1,0.037037037037037035
singleton_gold_sense,motiv,1888-1891,3,14,0.5185185185185185
singleton_gold_sense,motiv,1888-1891,4,11,0.4074074074074074
singleton_gold_sense,motiv,1888-1891,6,1,0.037037037037037035
singleton_gold_sense,motiv,1896-1899,2,3,0.10344827586206896
singleton_gold_sense,motiv,1896-1899,3,4,0.13793103448275862
singleton_gold_sense,motiv,1896-1899,4,21,0.7241379310344828
singleton_gold_sense,motiv,1896-1899,6,1,0.034482758620689655
singleton_gold_sense,motiv,1904-1907,3,4,0.13333333333333333
singleton_gold_sense,motiv,1904-1907,4,26,0.8666666666666667
singleton_gold_sense,motiv,1912-1915,2,1,0.03333333333333333
singleton_gold_sense,motiv,1912-1915,3,9,0.3
singleton_gold_sense,motiv,1912-1915,4,20,0.6666666666666666
singleton_gold_sense,motiv,2006-2007,3,3,0.10344827586206896
singleton_gold_sense,motiv,2006-2007,4,26,0.896551724137931
singleton_gold_sense,motiv,2010-2011,3,2,0.06896551724137931
singleton_gold_sense,motiv,2010-2011,4,27,0.9310344827586207
singleton_gold_sense,motiv,2014-2015,4,28,1.0
singleton_gold_sense,motiv,2018-2019,3,2,0.06896551724137931
singleton_gold_sense,motiv,2018-2019,4,27,0.9310344827586207
singleton_gold_sense,motiv,2022-2023,3,3,0.10344827586206896
singleton_gold_sense,motiv,2022-2023,4,25,0.8620689655172413
singleton_gold_sense,motiv,2022-2023,5,1,0.034482758620689655
singleton_gold_sense,skär,1880-1883,1,6,0.3157894736842105
singleton_gold_sense,skär,1880-1883,3,4,0.21052631578947367
singleton_gold_sense,skär,1880-1883,6,5,0.2631578947368421
singleton_gold_sense,skär,1880-1883,7,2,0.10526315789473684
singleton_gold_sense,skär,1880-1883,8,2,0.10526315789473684
singleton_gold_sense,skär,1888-1891,1,9,0.6428571428571429
singleton_gold_sense,skär,1888-1891,3,2,0.14285714285714285
singleton_gold_sense,skär,1888-1891,6,2,0.14285714285714285
singleton_gold_sense,skär,1888-1891,7,1,0.07142857142857142
singleton_gold_sense,skär,1896-1899,1,11,0.5
singleton_gold_sense,skär,1896-1899,6,9,0.4090909090909091
singleton_gold_sense,skär,1896-1899,7,1,0.045454545454545456
singleton_gold_sense,skär,1896-1899,8,1,0.045454545454545456
singleton_gold_sense,skär,1904-1907,1,12,0.8
singleton_gold_sense,skär,1904-1907,2,1,0.06666666666666667
singleton_gold_sense,skär,1904-1907,3,1,0.06666666666666667
singleton_gold_sense,skär,1904-1907,7,1,0.06666666666666667
singleton_gold_sense,skär,1912-1915,1,14,0.56
singleton_gold_sense,skär,1912-1915,3,1,0.04
singleton_gold_sense,skär,1912-1915,6,8,0.32
singleton_gold_sense,skär,1912-1915,7,2,0.08
singleton_gold_sense,suga,2006-2007,11,6,0.23076923076923078
singleton_gold_sense,suga,2006-2007,12,7,0.2692307692307692
singleton_gold_sense,suga,2006-2007,14,1,0.038461538461538464
singleton_gold_sense,suga,2006-2007,18,1,0.038461538461538464
singleton_gold_sense,suga,2006-2007,2,1,0.038461538461538464
singleton_gold_sense,suga,2006-2007,3,9,0.34615384615384615
singleton_gold_sense,suga,2006-2007,8,1,0.038461538461538464
singleton_gold_sense,suga,2010-2011,11,8,0.2962962962962963
singleton_gold_sense,suga,2010-2011,12,8,0.2962962962962963
singleton_gold_sense,suga,2010-2011,15,1,0.037037037037037035
singleton_gold_sense,suga,2010-2011,3,7,0.25925925925925924
singleton_gold_sense,suga,2010-2011,4,1,0.037037037037037035
singleton_gold_sense,suga,2010-2011,7,1,0.037037037037037035
singleton_gold_sense,suga,2010-2011,8,1,0.037037037037037035
singleton_gold_sense,suga,2014-2015,11,1,0.041666666666666664
singleton_gold_sense,suga,2014-2015,12,7,0.2916666666666667
singleton_gold_sense,suga,2014-2015,14,1,0.041666666666666664
singleton_gold_sense,suga,2014-2015,15,2,0.08333333333333333
singleton_gold_sense,suga,2014-2015,3,8,0.3333333333333333
singleton_gold_sense,suga,2014-2015,4,1,0.041666666666666664
singleton_gold_sense,suga,2014-2015,8,4,0.16666666666666666
singleton_gold_sense,suga,2018-2019,1,2,0.09090909090909091
singleton_gold_sense,suga,2018-2019,11,3,0.13636363636363635
singleton_gold_sense,suga,2018-2019,12,1,0.045454545454545456
singleton_gold_sense,suga,2018-2019,14,2,0.09090909090909091
singleton_gold_sense,suga,2018-2019,15,1,0.045454545454545456
singleton_gold_sense,suga,2018-2019,2,2,0.09090909090909091
singleton_gold_sense,suga,2018-2019,3,8,0.36363636363636365
singleton_gold_sense,suga,2018-2019,6,1,0.045454545454545456
singleton_gold_sense,suga,2018-2019,8,2,0.09090909090909091
singleton_gold_sense,suga,2022-2023,11,7,0.25
singleton_gold_sense,suga,2022-2023,12,1,0.03571428571428571
singleton_gold_sense,suga,2022-2023,14,3,0.10714285714285714
singleton_gold_sense,suga,2022-2023,15,6,0.21428571428571427
singleton_gold_sense,suga,2022-2023,3,9,0.32142857142857145
singleton_gold_sense,suga,2022-2023,6,1,0.03571428571428571
singleton_gold_sense,suga,2022-2023,8,1,0.03571428571428571
