model,feature,coefficient,direction
tfidf_logistic_regression,fru,4.370630452584594,positive
tfidf_logistic_regression,exportera,2.0158699517209993,positive
tfidf_logistic_regression,sin fru,1.603152307082244,positive
tfidf_logistic_regression,exporterar,1.5721896288815478,positive
tfidf_logistic_regression,hans fru,1.2437137172430137,positive
tfidf_logistic_regression,förorten,1.2401233040393962,positive
tfidf_logistic_regression,fru och,1.1237114390397163,positive
tfidf_logistic_regression,exporteras,1.097622371612168,positive
tfidf_logistic_regression,att exportera,1.0864933093457805,positive
tfidf_logistic_regression,sverige,1.0807156180210102,positive
tfidf_logistic_regression,länder,1.0335189396257942,positive
tfidf_logistic_regression,min fru,0.9856383175810312,positive
tfidf_logistic_regression,från,0.9775010826349944,positive
tfidf_logistic_regression,motiv från,0.9591350254239247,positive
tfidf_logistic_regression,hans,0.9536416316440385,positive
tfidf_logistic_regression,sin,0.9509369860229024,positive
tfidf_logistic_regression,till,0.8483050634940537,positive
tfidf_logistic_regression,min,0.8271679676685022,positive
tfidf_logistic_regression,om att,0.7903390123157805,positive
tfidf_logistic_regression,barn,0.7888099695482098,positive
tfidf_logistic_regression,och hans,0.7835583799867978,positive
tfidf_logistic_regression,förorterna,0.7754422688103968,positive
tfidf_logistic_regression,är,0.71768838014762,positive
tfidf_logistic_regression,hur,0.6952059071716149,positive
tfidf_logistic_regression,vapen,0.681966344214757,positive
tfidf_logistic_regression,fröken,-2.1154786759734985,negative
tfidf_logistic_regression,herrar,-1.4570187638993024,negative
tfidf_logistic_regression,motivet,-1.1746208416888237,negative
tfidf_logistic_regression,herrarnas,-1.1591748603767371,negative
tfidf_logistic_regression,kvinnan,-0.9932113277846304,negative
tfidf_logistic_regression,kvinna,-0.9864938403714922,negative
tfidf_logistic_regression,herrarna,-0.986185432917961,negative
tfidf_logistic_regression,motiv,-0.9199890447957101,negative
tfidf_logistic_regression,upp,-0.8682508711999909,negative
tfidf_logistic_regression,suga upp,-0.7562437597438317,negative
tfidf_logistic_regression,damer,-0.736250883216731,negative
tfidf_logistic_regression,en kvinna,-0.6897169652920195,negative
tfidf_logistic_regression,motivet till,-0.6579650989154848,negative
tfidf_logistic_regression,herre,-0.6510703236665732,negative
tfidf_logistic_regression,för herrar,-0.6396107302650156,negative
tfidf_logistic_regression,att hon,-0.6395230491471972,negative
tfidf_logistic_regression,med,-0.6272716883407639,negative
tfidf_logistic_regression,polisen,-0.6220769042307142,negative
tfidf_logistic_regression,under,-0.6149877002681665,negative
tfidf_logistic_regression,en,-0.6002632319238496,negative
tfidf_logistic_regression,förort,-0.5849900077566793,negative
tfidf_logistic_regression,sig,-0.5836092174865593,negative
tfidf_logistic_regression,suga,-0.5737496630614509,negative
tfidf_logistic_regression,då,-0.5714910442933078,negative
tfidf_logistic_regression,skära,-0.5693425449399929,negative
eda_features_logistic_regression,categorical__word_fru,2.977068955390099,positive
eda_features_logistic_regression,categorical__word_exportera,2.787740409425651,positive
eda_features_logistic_regression,text__motiv från,1.1227867924450652,positive
eda_features_logistic_regression,categorical__word_förort,1.0948237468289483,positive
eda_features_logistic_regression,text__från,1.0816034772811238,positive
eda_features_logistic_regression,text__förorten,0.8753729661419113,positive
eda_features_logistic_regression,text__skär,0.712665484668059,positive
eda_features_logistic_regression,categorical__pos_VB,0.7049651049020859,positive
eda_features_logistic_regression,text__kvinnor,0.7022081911013918,positive
eda_features_logistic_regression,text__blod,0.6986778103832784,positive
eda_features_logistic_regression,text__alla,0.6280843335442226,positive
eda_features_logistic_regression,text__om att,0.6251887515171646,positive
eda_features_logistic_regression,categorical__period_label_1912-1915,0.6231084262679581,positive
eda_features_logistic_regression,numeric__text_length_chars,0.6155326568624134,positive
eda_features_logistic_regression,text__havet,0.6113334156502932,positive
eda_features_logistic_regression,text__är,0.610983331987545,positive
eda_features_logistic_regression,text__hur,0.5570189302213928,positive
eda_features_logistic_regression,text__mer,0.5203709028724778,positive
eda_features_logistic_regression,text__mina,0.48424144493645277,positive
eda_features_logistic_regression,text__14,0.47383250000978455,positive
eda_features_logistic_regression,text__med motiv,0.4682152806780749,positive
eda_features_logistic_regression,text__sin fru,0.46064022690692835,positive
eda_features_logistic_regression,text__förorterna,0.4585076556053932,positive
eda_features_logistic_regression,text__höga,0.4266854544366675,positive
eda_features_logistic_regression,text__suger sig,0.4178757702958662,positive
eda_features_logistic_regression,categorical__word_fröken,-1.9826916254316647,negative
eda_features_logistic_regression,categorical__word_herre,-1.5401061057688457,negative
eda_features_logistic_regression,categorical__word_suga,-1.3670681225006553,negative
eda_features_logistic_regression,text__förort,-0.8740365043353442,negative
eda_features_logistic_regression,categorical__word_dumpa,-0.7157071820229096,negative
eda_features_logistic_regression,text__en,-0.7076031699597776,negative
eda_features_logistic_regression,text__en förort,-0.6734690090174323,negative
eda_features_logistic_regression,categorical__word_motiv,-0.6704505083014539,negative
eda_features_logistic_regression,text__kvinna,-0.6032862230197453,negative
eda_features_logistic_regression,text__förort till,-0.584746521820371,negative
eda_features_logistic_regression,text__upp,-0.5367795191129772,negative
eda_features_logistic_regression,text__nu,-0.5164393061202156,negative
eda_features_logistic_regression,text__varit,-0.5082456808990486,negative
eda_features_logistic_regression,text__under,-0.4985329272335512,negative
eda_features_logistic_regression,text__de,-0.4961882392690574,negative
eda_features_logistic_regression,text__han,-0.48800962957255345,negative
eda_features_logistic_regression,text__suga upp,-0.4735116949121631,negative
eda_features_logistic_regression,text__skära,-0.4726117458446889,negative
eda_features_logistic_regression,text__säger,-0.4722336952277373,negative
eda_features_logistic_regression,text__vi,-0.4675281694790339,negative
eda_features_logistic_regression,text__hade,-0.46587121055667685,negative
eda_features_logistic_regression,text__enligt,-0.4490888256478213,negative
eda_features_logistic_regression,text__motivet,-0.4391498754144529,negative
eda_features_logistic_regression,text__polisen,-0.43850188885439023,negative
eda_features_logistic_regression,text__mycket,-0.43579519366462244,negative
