sentence_id,word,period_label,label_value,model,prediction
f348ec2a_75_78,fru,2018-2019,1,frozen_xlmr_logistic_regression,1
ad8d7363_26_33,motiv,1896-1899,0,frozen_xlmr_logistic_regression,0
91a80cdc_121_126,motiv,2022-2023,0,frozen_xlmr_logistic_regression,0
b382a5e9_92_98,kvinna,1912-1915,0,frozen_xlmr_logistic_regression,0
8fe95502_139_142,fru,1888-1891,1,frozen_xlmr_logistic_regression,1
fc40371_11_19,herre,2006-2007,0,frozen_xlmr_logistic_regression,0
15193b_45_54,exportera,2006-2007,0,frozen_xlmr_logistic_regression,1
910ca90_90_98,förort,2006-2007,0,frozen_xlmr_logistic_regression,0
6a4e4232_111_116,motiv,1888-1891,1,frozen_xlmr_logistic_regression,1
371c58d_42_48,herre,1904-1907,0,frozen_xlmr_logistic_regression,0
28a14572_10_17,kvinna,2014-2015,0,frozen_xlmr_logistic_regression,0
91a6730e_125_133,förort,2010-2011,0,frozen_xlmr_logistic_regression,0
d6d5e83_23_28,fru,2006-2007,1,frozen_xlmr_logistic_regression,0
fc36be37_149_157,herre,2022-2023,0,frozen_xlmr_logistic_regression,0
b1ad11dc_65_72,kvinna,1880-1883,0,frozen_xlmr_logistic_regression,0
15222878_11_17,kvinna,2010-2011,0,frozen_xlmr_logistic_regression,1
32e5ba_197_202,motiv,2006-2007,0,frozen_xlmr_logistic_regression,0
d62a38fa_69_74,skär,1880-1883,0,frozen_xlmr_logistic_regression,0
e0bee01e_90_95,dumpa,2014-2015,0,frozen_xlmr_logistic_regression,0
8f7249_37_47,exportera,2006-2007,1,frozen_xlmr_logistic_regression,1
f3416099_141_148,kvinna,2018-2019,0,frozen_xlmr_logistic_regression,0
30581795_134_139,motiv,1888-1891,1,frozen_xlmr_logistic_regression,1
b13a033d_234_239,skär,1888-1891,0,frozen_xlmr_logistic_regression,0
c1f75505_101_110,fröken,1880-1883,0,frozen_xlmr_logistic_regression,0
efa4f081_227_230,fru,1896-1899,1,frozen_xlmr_logistic_regression,1
da35851_73_81,dumpa,2010-2011,1,frozen_xlmr_logistic_regression,1
c763a79_145_151,dumpa,2014-2015,0,frozen_xlmr_logistic_regression,1
915457d_69_79,förort,2006-2007,1,frozen_xlmr_logistic_regression,0
4ec5ee3_77_83,herre,1896-1899,0,frozen_xlmr_logistic_regression,0
94d9fe7d_75_78,fru,1896-1899,1,frozen_xlmr_logistic_regression,1
6f023dd0_14_19,herre,1880-1883,1,frozen_xlmr_logistic_regression,0
2652dd15_154_160,herre,1912-1915,0,frozen_xlmr_logistic_regression,1
b1192658_38_47,fröken,1904-1907,0,frozen_xlmr_logistic_regression,0
c4c292a4_14_17,fru,1912-1915,1,frozen_xlmr_logistic_regression,1
d699d193_79_83,suga,2018-2019,0,frozen_xlmr_logistic_regression,0
f343b75c_128_132,suga,2014-2015,1,frozen_xlmr_logistic_regression,1
d8c3c86e_257_263,fröken,1896-1899,1,frozen_xlmr_logistic_regression,0
dc48607f_87_92,dumpa,2014-2015,0,frozen_xlmr_logistic_regression,1
0b5e695d_85_88,fru,2022-2023,1,frozen_xlmr_logistic_regression,0
87f62b1e_138_145,kvinna,1896-1899,0,frozen_xlmr_logistic_regression,0
27ea1e_75_85,exportera,2006-2007,1,frozen_xlmr_logistic_regression,1
6893bd62_26_32,kvinna,1896-1899,0,frozen_xlmr_logistic_regression,0
5c88f168_120_124,fru,1880-1883,1,frozen_xlmr_logistic_regression,1
f3441d9e_11_16,suga,2010-2011,1,frozen_xlmr_logistic_regression,0
90f27e03_41_44,fru,1896-1899,1,frozen_xlmr_logistic_regression,1
9a01c1db_144_149,suga,2010-2011,0,frozen_xlmr_logistic_regression,0
6a0ae632_115_122,kvinna,1904-1907,1,frozen_xlmr_logistic_regression,1
9a6b2eb_47_52,motiv,2006-2007,0,frozen_xlmr_logistic_regression,0
234ab036_119_124,skär,1912-1915,0,frozen_xlmr_logistic_regression,0
df171f0e_66_72,fröken,1896-1899,0,frozen_xlmr_logistic_regression,0
ef43cead_194_201,motiv,1912-1915,0,frozen_xlmr_logistic_regression,0
72f3f4a_29_36,kvinna,1904-1907,0,frozen_xlmr_logistic_regression,0
dc42c447_157_163,fröken,2014-2015,0,frozen_xlmr_logistic_regression,1
1dcf4d48_56_59,fru,1880-1883,1,frozen_xlmr_logistic_regression,1
f09d8b_0_7,motiv,2006-2007,0,frozen_xlmr_logistic_regression,0
8f3ac461_112_118,herre,2010-2011,0,frozen_xlmr_logistic_regression,0
d62e58c_63_73,exportera,2006-2007,1,frozen_xlmr_logistic_regression,1
3dcdcb9d_0_6,herre,1880-1883,1,frozen_xlmr_logistic_regression,1
0d0c31b_43_50,dumpa,2006-2007,1,frozen_xlmr_logistic_regression,0
793d8757_39_48,herre,2018-2019,0,frozen_xlmr_logistic_regression,0
d135512e_46_55,kvinna,1896-1899,1,frozen_xlmr_logistic_regression,1
15bed1d5_51_56,suga,2014-2015,1,frozen_xlmr_logistic_regression,1
793f2314_3_9,dumpa,2018-2019,0,frozen_xlmr_logistic_regression,0
7fc978e3_153_160,kvinna,1888-1891,0,frozen_xlmr_logistic_regression,0
3b1a63f3_137_143,fröken,1896-1899,0,frozen_xlmr_logistic_regression,0
516bd63a_12_19,kvinna,2022-2023,0,frozen_xlmr_logistic_regression,1
ff45fc76_134_137,fru,1888-1891,1,frozen_xlmr_logistic_regression,1
28aff663_118_123,motiv,2022-2023,0,frozen_xlmr_logistic_regression,0
91a55e7a_135_145,exportera,2022-2023,1,frozen_xlmr_logistic_regression,1
28adab43_41_50,exportera,2014-2015,0,frozen_xlmr_logistic_regression,0
6dce6be8_78_87,herre,2022-2023,0,frozen_xlmr_logistic_regression,0
28aa8c46_149_155,dumpa,2022-2023,0,frozen_xlmr_logistic_regression,0
f34071fa_56_65,exportera,2014-2015,1,frozen_xlmr_logistic_regression,1
793be4b_100_106,herre,2018-2019,0,frozen_xlmr_logistic_regression,0
11a9eb3a_27_32,motiv,1896-1899,0,frozen_xlmr_logistic_regression,0
15278429_222_228,dumpa,2022-2023,0,frozen_xlmr_logistic_regression,0
c94172c_4_10,kvinna,2022-2023,0,frozen_xlmr_logistic_regression,0
dbb040c3_114_120,fröken,1880-1883,0,frozen_xlmr_logistic_regression,0
5965b233_79_89,exportera,2018-2019,1,frozen_xlmr_logistic_regression,1
8284164_81_87,herre,2010-2011,0,frozen_xlmr_logistic_regression,0
9a7ed9e_0_7,motiv,2006-2007,0,frozen_xlmr_logistic_regression,0
91cbdff_83_89,förort,2006-2007,0,frozen_xlmr_logistic_regression,1
5747d2f9_43_50,kvinna,1880-1883,1,frozen_xlmr_logistic_regression,1
fdfe31ba_0_6,fröken,1896-1899,0,frozen_xlmr_logistic_regression,0
1c5d92bb_168_175,kvinna,1880-1883,0,frozen_xlmr_logistic_regression,0
d190b568_56_65,herre,2014-2015,0,frozen_xlmr_logistic_regression,0
7502ca2d_17_20,fru,1888-1891,1,frozen_xlmr_logistic_regression,0
9135dd0_121_127,förort,2006-2007,0,frozen_xlmr_logistic_regression,0
6dceff7_60_69,herre,2014-2015,0,frozen_xlmr_logistic_regression,0
15b707a_122_128,fröken,2010-2011,0,frozen_xlmr_logistic_regression,0
f0202e_93_100,dumpa,2006-2007,1,frozen_xlmr_logistic_regression,1
934ff2_126_132,fröken,2006-2007,0,frozen_xlmr_logistic_regression,1
0b52fe20_107_114,kvinna,2014-2015,1,frozen_xlmr_logistic_regression,0
d1982508_276_280,suga,2010-2011,1,frozen_xlmr_logistic_regression,0
272daf8e_78_84,herre,2010-2011,0,frozen_xlmr_logistic_regression,1
781ea4bd_0_7,kvinna,1880-1883,0,frozen_xlmr_logistic_regression,0
e28298b7_52_62,förort,2018-2019,0,frozen_xlmr_logistic_regression,1
6cd36f1d_34_38,suga,2022-2023,0,frozen_xlmr_logistic_regression,0
0dd5a4_72_81,herre,2006-2007,0,frozen_xlmr_logistic_regression,0
1c88f6bb_154_160,kvinna,1904-1907,0,frozen_xlmr_logistic_regression,1
ae4d4b06_90_93,fru,2018-2019,1,frozen_xlmr_logistic_regression,1
914b8ef_34_39,suga,2006-2007,0,frozen_xlmr_logistic_regression,1
f34a0f51_103_110,kvinna,2014-2015,1,frozen_xlmr_logistic_regression,0
d69a73bb_102_111,exportera,2022-2023,1,frozen_xlmr_logistic_regression,1
9ab8829_78_84,förort,2006-2007,0,frozen_xlmr_logistic_regression,0
f54e9441_2_11,herre,2014-2015,0,frozen_xlmr_logistic_regression,0
28ad1931_80_87,motiv,2014-2015,0,frozen_xlmr_logistic_regression,0
9a771f9_125_131,dumpa,2006-2007,0,frozen_xlmr_logistic_regression,0
32f1ee76_100_105,motiv,2014-2015,0,frozen_xlmr_logistic_regression,0
3274c79_41_46,motiv,2010-2011,0,frozen_xlmr_logistic_regression,0
91a45e3_40_43,fru,2022-2023,1,frozen_xlmr_logistic_regression,1
d68e00a_109_113,suga,2006-2007,0,frozen_xlmr_logistic_regression,0
308d7550_11_23,exportera,2018-2019,1,frozen_xlmr_logistic_regression,1
d8811bdd_108_115,dumpa,2014-2015,0,frozen_xlmr_logistic_regression,0
f34592f5_12_15,fru,2010-2011,1,frozen_xlmr_logistic_regression,1
e0d2b3_30_33,fru,2006-2007,1,frozen_xlmr_logistic_regression,1
85a9dbe4_69_75,herre,1888-1891,1,frozen_xlmr_logistic_regression,0
1df1000a_84_89,motiv,1912-1915,0,frozen_xlmr_logistic_regression,0
fa5c2767_154_160,fröken,1896-1899,0,frozen_xlmr_logistic_regression,1
91aecd1c_55_62,motiv,2018-2019,0,frozen_xlmr_logistic_regression,0
f88e7b2d_20_26,fröken,1880-1883,0,frozen_xlmr_logistic_regression,0
f4a3d2b0_286_291,motiv,1888-1891,1,frozen_xlmr_logistic_regression,1
8ce23474_122_125,fru,1912-1915,1,frozen_xlmr_logistic_regression,1
2039c739_329_335,kvinna,1896-1899,0,frozen_xlmr_logistic_regression,0
555d5af_24_27,fru,2022-2023,1,frozen_xlmr_logistic_regression,1
91ea8e3_0_7,motiv,2006-2007,0,frozen_xlmr_logistic_regression,0
2e160ddf_99_106,motiv,1912-1915,0,frozen_xlmr_logistic_regression,1
e0be59b6_113_121,förort,2022-2023,1,frozen_xlmr_logistic_regression,0
e0bc7de2_51_57,förort,2014-2015,0,frozen_xlmr_logistic_regression,0
15bb2eee_83_92,exportera,2014-2015,1,frozen_xlmr_logistic_regression,1
917d7c5_49_58,exportera,2006-2007,1,frozen_xlmr_logistic_regression,1
e0bb5e9d_27_33,kvinna,2010-2011,0,frozen_xlmr_logistic_regression,0
77555223_111_116,motiv,1904-1907,0,frozen_xlmr_logistic_regression,0
e285aa5d_0_7,kvinna,2014-2015,0,frozen_xlmr_logistic_regression,1
d7207c0f_62_69,motiv,1904-1907,0,frozen_xlmr_logistic_regression,0
0d60ac7_105_110,suga,2006-2007,1,frozen_xlmr_logistic_regression,1
d69def56_57_65,förort,2018-2019,1,frozen_xlmr_logistic_regression,1
5969d8af_0_7,motiv,2010-2011,0,frozen_xlmr_logistic_regression,0
e052755a_25_30,herre,1896-1899,0,frozen_xlmr_logistic_regression,1
28a3eb9e_54_59,suga,2010-2011,0,frozen_xlmr_logistic_regression,1
e28ccaf7_19_24,herre,2014-2015,0,frozen_xlmr_logistic_regression,0
152f95f7_108_113,suga,2022-2023,0,frozen_xlmr_logistic_regression,0
fd34345c_63_66,fru,1904-1907,1,frozen_xlmr_logistic_regression,1
fcd5386_11_17,herre,2006-2007,0,frozen_xlmr_logistic_regression,0
176d92b9_69_72,fru,1904-1907,1,frozen_xlmr_logistic_regression,1
2728ad32_56_65,exportera,2018-2019,1,frozen_xlmr_logistic_regression,1
7755be9c_31_36,motiv,1904-1907,0,frozen_xlmr_logistic_regression,0
1524d3f2_38_43,motiv,2010-2011,1,frozen_xlmr_logistic_regression,1
8f299362_112_121,kvinna,1896-1899,1,frozen_xlmr_logistic_regression,1
59827c4_52_61,herre,2022-2023,0,frozen_xlmr_logistic_regression,0
d6989ef4_6_11,suga,2010-2011,0,frozen_xlmr_logistic_regression,0
e0bfa99b_106_111,motiv,2010-2011,0,frozen_xlmr_logistic_regression,0
ae4b5c95_66_70,suga,2014-2015,0,frozen_xlmr_logistic_regression,0
272bafb6_117_120,fru,2010-2011,1,frozen_xlmr_logistic_regression,1
28a8e0e7_28_40,exportera,2014-2015,1,frozen_xlmr_logistic_regression,1
d6900fc4_99_107,förort,2022-2023,1,frozen_xlmr_logistic_regression,0
0dec097_12_18,kvinna,2006-2007,0,frozen_xlmr_logistic_regression,0
a502d61_253_257,skär,1880-1883,0,frozen_xlmr_logistic_regression,1
0db4632_7_13,herre,2010-2011,0,frozen_xlmr_logistic_regression,0
1c033d9b_110_119,kvinna,1912-1915,1,frozen_xlmr_logistic_regression,0
9a0e57ff_14_19,herre,2010-2011,0,frozen_xlmr_logistic_regression,0
f3459b65_172_178,kvinna,2010-2011,0,frozen_xlmr_logistic_regression,0
32fbd30d_63_66,fru,2018-2019,1,frozen_xlmr_logistic_regression,0
1c4d8847_201_206,motiv,1912-1915,0,frozen_xlmr_logistic_regression,1
f5459df1_18_25,kvinna,2022-2023,0,frozen_xlmr_logistic_regression,1
2a62f231_35_43,herre,1912-1915,0,frozen_xlmr_logistic_regression,0
9a0d4b01_136_146,exportera,2022-2023,0,frozen_xlmr_logistic_regression,1
a4e6c7e1_89_92,fru,2018-2019,1,frozen_xlmr_logistic_regression,1
476d2e9a_51_58,motiv,1880-1883,0,frozen_xlmr_logistic_regression,0
34994094_28_35,kvinna,1896-1899,0,frozen_xlmr_logistic_regression,0
d627702_2_9,motiv,2006-2007,0,frozen_xlmr_logistic_regression,0
0f336d47_175_180,herre,1888-1891,0,frozen_xlmr_logistic_regression,1
2720d3fb_63_68,fru,2010-2011,1,frozen_xlmr_logistic_regression,1
8694d226_273_280,motiv,1880-1883,0,frozen_xlmr_logistic_regression,1
e1a517a8_46_51,herre,1912-1915,0,frozen_xlmr_logistic_regression,1
2ae5bde4_7_13,herre,1888-1891,0,frozen_xlmr_logistic_regression,0
cdcb8b8_9_15,kvinna,2022-2023,0,frozen_xlmr_logistic_regression,0
3dc50b9f_72_80,herre,2018-2019,0,frozen_xlmr_logistic_regression,0
d194e1a0_55_61,förort,2010-2011,0,frozen_xlmr_logistic_regression,1
28a1224c_6_11,suga,2022-2023,0,frozen_xlmr_logistic_regression,0
2f5da21f_190_196,fröken,1904-1907,0,frozen_xlmr_logistic_regression,0
243fb28_87_93,herre,1880-1883,0,frozen_xlmr_logistic_regression,0
275692_56_67,exportera,2006-2007,1,frozen_xlmr_logistic_regression,1
da3f3403_78_82,suga,2018-2019,0,frozen_xlmr_logistic_regression,0
51662cd5_8_17,kvinna,2018-2019,0,frozen_xlmr_logistic_regression,0
0dbf9bd3_129_136,kvinna,2014-2015,0,frozen_xlmr_logistic_regression,0
719105b4_8_17,fröken,1912-1915,0,frozen_xlmr_logistic_regression,0
d6942fb_121_129,dumpa,2006-2007,0,frozen_xlmr_logistic_regression,0
28a54eac_122_127,dumpa,2022-2023,0,frozen_xlmr_logistic_regression,1
e2597f_32_42,exportera,2006-2007,1,frozen_xlmr_logistic_regression,1
e0baf1d0_148_156,förort,2010-2011,1,frozen_xlmr_logistic_regression,1
b0240b36_39_46,dumpa,2018-2019,1,frozen_xlmr_logistic_regression,0
ae405fb4_69_74,motiv,2014-2015,0,frozen_xlmr_logistic_regression,0
a4ee0261_133_139,kvinna,2014-2015,0,frozen_xlmr_logistic_regression,1
d1db5585_61_67,kvinna,1880-1883,0,frozen_xlmr_logistic_regression,1
8ea5a505_43_50,kvinna,1904-1907,0,frozen_xlmr_logistic_regression,1
e281bb40_74_77,fru,2018-2019,1,frozen_xlmr_logistic_regression,0
91173b5_58_68,förort,2006-2007,1,frozen_xlmr_logistic_regression,1
d524a346_141_150,fröken,1896-1899,0,frozen_xlmr_logistic_regression,1
20a081f7_112_121,kvinna,1904-1907,1,frozen_xlmr_logistic_regression,0
e288754b_49_56,motiv,2022-2023,0,frozen_xlmr_logistic_regression,0
f6d78c59_116_119,fru,1912-1915,1,frozen_xlmr_logistic_regression,0
a2ffd14_286_290,skär,1904-1907,0,frozen_xlmr_logistic_regression,0
d69dfc8b_132_137,dumpa,2014-2015,0,frozen_xlmr_logistic_regression,0
4701d8df_0_6,herre,1888-1891,0,frozen_xlmr_logistic_regression,1
7dbdaf8_44_53,herre,2010-2011,0,frozen_xlmr_logistic_regression,0
1521e88c_95_102,motiv,2010-2011,0,frozen_xlmr_logistic_regression,1
08ebb21_125_129,suga,2022-2023,0,frozen_xlmr_logistic_regression,0
9c0863a7_176_181,motiv,1912-1915,0,frozen_xlmr_logistic_regression,1
2c5232ef_37_42,herre,1880-1883,0,frozen_xlmr_logistic_regression,1
9a0ea02b_113_117,fru,2014-2015,1,frozen_xlmr_logistic_regression,1
60a8cb52_166_169,fru,1888-1891,1,frozen_xlmr_logistic_regression,1
826ad9cf_102_106,skär,1896-1899,1,frozen_xlmr_logistic_regression,1
1c009088_296_301,skär,1912-1915,0,frozen_xlmr_logistic_regression,0
7e173a3a_111_114,fru,1896-1899,1,frozen_xlmr_logistic_regression,1
27207fd3_83_93,exportera,2018-2019,1,frozen_xlmr_logistic_regression,1
917b2d5_112_122,exportera,2006-2007,1,frozen_xlmr_logistic_regression,1
7933d4d_77_85,herre,2018-2019,0,frozen_xlmr_logistic_regression,0
1c017620_17_20,fru,1912-1915,1,frozen_xlmr_logistic_regression,1
d69982c8_108_115,kvinna,2010-2011,0,frozen_xlmr_logistic_regression,0
327505f_62_68,dumpa,2014-2015,0,frozen_xlmr_logistic_regression,0
af8af7f0_106_113,kvinna,1896-1899,0,frozen_xlmr_logistic_regression,0
873ecc40_100_105,motiv,1904-1907,0,frozen_xlmr_logistic_regression,0
0b576133_53_62,exportera,2014-2015,1,frozen_xlmr_logistic_regression,1
1523d090_77_85,förort,2018-2019,1,frozen_xlmr_logistic_regression,1
e0b0f535_124_127,fru,2018-2019,1,frozen_xlmr_logistic_regression,0
a80845e5_61_66,skär,1888-1891,0,frozen_xlmr_logistic_regression,0
9391feac_34_37,fru,1888-1891,1,frozen_xlmr_logistic_regression,1
32770a9_139_148,exportera,2022-2023,1,frozen_xlmr_logistic_regression,1
a824c10_157_163,herre,1880-1883,0,frozen_xlmr_logistic_regression,0
a7267be4_237_242,motiv,1896-1899,0,frozen_xlmr_logistic_regression,0
152930c5_96_103,fröken,2022-2023,0,frozen_xlmr_logistic_regression,1
f340f45e_61_67,fröken,2010-2011,0,frozen_xlmr_logistic_regression,1
6dcf4582_116_121,suga,2022-2023,0,frozen_xlmr_logistic_regression,0
d69f8070_35_45,exportera,2022-2023,1,frozen_xlmr_logistic_regression,1
91ac76df_150_159,exportera,2022-2023,1,frozen_xlmr_logistic_regression,1
eb08a7c0_144_149,motiv,1888-1891,1,frozen_xlmr_logistic_regression,1
27200726_11_22,exportera,2010-2011,1,frozen_xlmr_logistic_regression,1
b0c25b9e_128_133,motiv,1888-1891,0,frozen_xlmr_logistic_regression,1
9aee844_90_97,dumpa,2006-2007,1,frozen_xlmr_logistic_regression,0
15b7bdea_28_37,herre,2014-2015,0,frozen_xlmr_logistic_regression,0
f33fa58_59_65,herre,2006-2007,0,frozen_xlmr_logistic_regression,0
fc30764e_128_136,dumpa,2014-2015,0,frozen_xlmr_logistic_regression,0
fb4beef6_9_14,herre,1888-1891,0,frozen_xlmr_logistic_regression,1
e1de725f_154_160,fröken,1888-1891,0,frozen_xlmr_logistic_regression,1
6dc3ab84_27_36,herre,2022-2023,0,frozen_xlmr_logistic_regression,0
e28acc2c_26_31,motiv,2014-2015,0,frozen_xlmr_logistic_regression,0
d19d3b84_133_138,suga,2014-2015,0,frozen_xlmr_logistic_regression,0
9a0bd600_72_81,exportera,2018-2019,1,frozen_xlmr_logistic_regression,1
f547d265_66_75,exportera,2010-2011,1,frozen_xlmr_logistic_regression,1
27289bf8_95_98,fru,2010-2011,1,frozen_xlmr_logistic_regression,1
b4a3d22a_68_72,skär,1880-1883,0,frozen_xlmr_logistic_regression,0
28adeb8e_88_94,kvinna,2022-2023,0,frozen_xlmr_logistic_regression,0
fc15f12_76_82,herre,2006-2007,0,frozen_xlmr_logistic_regression,0
d64d1a8_15_21,kvinna,2006-2007,0,frozen_xlmr_logistic_regression,0
58fb884a_25_32,kvinna,1896-1899,0,frozen_xlmr_logistic_regression,0
82898bf_156_165,herre,2010-2011,0,frozen_xlmr_logistic_regression,0
cdcedbfa_87_96,herre,2014-2015,0,frozen_xlmr_logistic_regression,0
6ff20046_60_67,motiv,1904-1907,0,frozen_xlmr_logistic_regression,0
79329ccb_85_90,suga,2022-2023,0,frozen_xlmr_logistic_regression,0
47f5c7e7_29_36,kvinna,1896-1899,0,frozen_xlmr_logistic_regression,0
15207c14_21_26,motiv,2022-2023,0,frozen_xlmr_logistic_regression,1
6dcfaa25_123_129,herre,2018-2019,0,frozen_xlmr_logistic_regression,0
f89f77b5_75_78,fru,1880-1883,1,frozen_xlmr_logistic_regression,1
852ba97_86_94,förort,2014-2015,0,frozen_xlmr_logistic_regression,1
56ce8d0f_0_7,motiv,1896-1899,0,frozen_xlmr_logistic_regression,0
040f9450_353_362,fröken,1912-1915,0,frozen_xlmr_logistic_regression,0
f541a7ed_99_105,fröken,2014-2015,0,frozen_xlmr_logistic_regression,0
474f2be0_14_21,kvinna,1880-1883,0,frozen_xlmr_logistic_regression,0
32f2fe9c_73_80,kvinna,2014-2015,0,frozen_xlmr_logistic_regression,0
6b340cc9_57_66,kvinna,1880-1883,1,frozen_xlmr_logistic_regression,0
bada5cfc_110_115,skär,1896-1899,0,frozen_xlmr_logistic_regression,1
f05c247d_19_22,fru,2014-2015,1,frozen_xlmr_logistic_regression,1
e0fc0cc7_236_243,kvinna,1912-1915,1,frozen_xlmr_logistic_regression,1
a4e130cd_139_145,fröken,2014-2015,0,frozen_xlmr_logistic_regression,0
cc7aef06_157_163,kvinna,1880-1883,0,frozen_xlmr_logistic_regression,0
9a013e04_38_47,exportera,2022-2023,0,frozen_xlmr_logistic_regression,1
387f0c3d_120_125,motiv,1896-1899,1,frozen_xlmr_logistic_regression,0
f3265c2_118_123,skär,1904-1907,0,frozen_xlmr_logistic_regression,0
85224e3_64_69,dumpa,2022-2023,0,frozen_xlmr_logistic_regression,0
f54b1462_107_114,kvinna,2014-2015,0,frozen_xlmr_logistic_regression,0
0b5c0885_128_133,motiv,2018-2019,0,frozen_xlmr_logistic_regression,1
152f8192_98_104,förort,2010-2011,0,frozen_xlmr_logistic_regression,1
ef4d4c16_296_301,motiv,1912-1915,0,frozen_xlmr_logistic_regression,1
f340b10e_65_75,förort,2018-2019,0,frozen_xlmr_logistic_regression,1
596b689e_20_24,suga,2018-2019,0,frozen_xlmr_logistic_regression,0
8f3bce80_47_53,kvinna,2018-2019,0,frozen_xlmr_logistic_regression,1
5c719c3_267_272,skär,1896-1899,1,frozen_xlmr_logistic_regression,0
1dcfd338_53_58,skär,1880-1883,0,frozen_xlmr_logistic_regression,0
0b57f308_101_106,motiv,2022-2023,0,frozen_xlmr_logistic_regression,0
272e47b2_71_74,fru,2014-2015,1,frozen_xlmr_logistic_regression,1
cdce06_77_83,fröken,1880-1883,0,frozen_xlmr_logistic_regression,1
e07f4b5_67_74,dumpa,2006-2007,0,frozen_xlmr_logistic_regression,0
d64489c_53_58,motiv,2006-2007,0,frozen_xlmr_logistic_regression,0
cdcabcca_200_205,suga,2018-2019,1,frozen_xlmr_logistic_regression,1
118e1e0_90_95,suga,2022-2023,0,frozen_xlmr_logistic_regression,0
147b9109_58_63,motiv,1904-1907,0,frozen_xlmr_logistic_regression,0
44b6575a_26_32,herre,1912-1915,0,frozen_xlmr_logistic_regression,0
2721ea4f_260_269,exportera,2010-2011,1,frozen_xlmr_logistic_regression,1
d6952883_48_53,suga,2014-2015,1,frozen_xlmr_logistic_regression,1
272b0852_37_44,kvinna,2014-2015,0,frozen_xlmr_logistic_regression,1
394683e9_123_126,fru,1880-1883,0,frozen_xlmr_logistic_regression,1
8c8fecc4_99_104,dumpa,2014-2015,0,frozen_xlmr_logistic_regression,1
fc39860d_118_124,herre,2010-2011,0,frozen_xlmr_logistic_regression,0
f057b49c_149_156,dumpa,2018-2019,0,frozen_xlmr_logistic_regression,0
4279d004_51_58,kvinna,1880-1883,0,frozen_xlmr_logistic_regression,0
a61830e9_105_111,herre,1896-1899,0,frozen_xlmr_logistic_regression,1
1566a0c7_23_28,motiv,1912-1915,1,frozen_xlmr_logistic_regression,0
918a05c_127_135,förort,2006-2007,0,frozen_xlmr_logistic_regression,0
152de677_141_146,motiv,2018-2019,1,frozen_xlmr_logistic_regression,0
287a1b_95_100,motiv,2006-2007,0,frozen_xlmr_logistic_regression,0
ee6cb643_124_128,skär,1912-1915,1,frozen_xlmr_logistic_regression,0
fc27f8a_108_114,herre,2006-2007,0,frozen_xlmr_logistic_regression,0
66c21a6_65_71,fröken,1888-1891,0,frozen_xlmr_logistic_regression,0
b54cfa24_0_7,motiv,1880-1883,1,frozen_xlmr_logistic_regression,1
a60d7150_192_197,motiv,1912-1915,1,frozen_xlmr_logistic_regression,1
2d11331c_38_41,fru,1880-1883,1,frozen_xlmr_logistic_regression,1
5faef1cc_190_195,motiv,1880-1883,0,frozen_xlmr_logistic_regression,0
f8386010_163_166,fru,1904-1907,0,frozen_xlmr_logistic_regression,1
4a7ff47b_118_124,fröken,1912-1915,1,frozen_xlmr_logistic_regression,0
632a0519_191_197,kvinna,1904-1907,0,frozen_xlmr_logistic_regression,1
d6592b33_4_10,herre,1880-1883,0,frozen_xlmr_logistic_regression,0
8ceacabc_155_165,kvinna,1912-1915,1,frozen_xlmr_logistic_regression,0
fc0332c_88_92,fru,2006-2007,1,frozen_xlmr_logistic_regression,1
f201b131_105_112,kvinna,1904-1907,0,frozen_xlmr_logistic_regression,1
51689e1c_102_108,förort,2018-2019,0,frozen_xlmr_logistic_regression,0
a913cd0f_216_222,fröken,1888-1891,0,frozen_xlmr_logistic_regression,1
eb6d17f7_13_18,motiv,1904-1907,0,frozen_xlmr_logistic_regression,0
fce8347_116_122,herre,2006-2007,0,frozen_xlmr_logistic_regression,0
91a74c64_133_137,suga,2010-2011,0,frozen_xlmr_logistic_regression,0
11f54715_21_24,fru,1896-1899,1,frozen_xlmr_logistic_regression,0
bc602e0e_30_33,fru,1904-1907,1,frozen_xlmr_logistic_regression,0
e0b96f2c_55_63,förort,2018-2019,1,frozen_xlmr_logistic_regression,0
9a0b327b_176_184,förort,2014-2015,1,frozen_xlmr_logistic_regression,1
2589ba13_225_230,motiv,1896-1899,0,frozen_xlmr_logistic_regression,1
c7697e0_27_30,fru,2022-2023,1,frozen_xlmr_logistic_regression,1
9a008dff_113_120,motiv,2014-2015,0,frozen_xlmr_logistic_regression,0
f07056_11_22,exportera,2006-2007,1,frozen_xlmr_logistic_regression,1
327d97c_251_258,kvinna,2010-2011,1,frozen_xlmr_logistic_regression,1
829e078e_38_44,fröken,1880-1883,0,frozen_xlmr_logistic_regression,0
e095e14_163_166,fru,1880-1883,1,frozen_xlmr_logistic_regression,1
28a1d06a_100_106,dumpa,2018-2019,1,frozen_xlmr_logistic_regression,0
58fb408d_121_128,kvinna,1896-1899,0,frozen_xlmr_logistic_regression,1
f806cf7d_179_183,fru,1896-1899,1,frozen_xlmr_logistic_regression,1
387f9dc4_6_9,fru,1896-1899,1,frozen_xlmr_logistic_regression,1
91a824cc_53_62,exportera,2018-2019,1,frozen_xlmr_logistic_regression,1
fc36e83c_20_23,fru,2010-2011,1,frozen_xlmr_logistic_regression,1
a767e67e_79_85,herre,1896-1899,0,frozen_xlmr_logistic_regression,0
7d02111d_103_108,skär,1888-1891,0,frozen_xlmr_logistic_regression,0
e8f43687_185_189,skär,1888-1891,0,frozen_xlmr_logistic_regression,0
ae42018_21_28,motiv,2010-2011,0,frozen_xlmr_logistic_regression,0
e0b2790e_68_76,förort,2018-2019,1,frozen_xlmr_logistic_regression,1
3273b1c_49_54,suga,2022-2023,0,frozen_xlmr_logistic_regression,0
93ad834f_52_55,fru,2014-2015,1,frozen_xlmr_logistic_regression,0
9a08ecc8_193_199,förort,2018-2019,1,frozen_xlmr_logistic_regression,0
79feff85_38_45,motiv,1880-1883,0,frozen_xlmr_logistic_regression,0
91a0f42f_140_148,förort,2010-2011,1,frozen_xlmr_logistic_regression,1
91a03325_37_45,förort,2010-2011,0,frozen_xlmr_logistic_regression,0
152ad3b7_151_157,fröken,2022-2023,0,frozen_xlmr_logistic_regression,0
308845f5_19_24,suga,2018-2019,0,frozen_xlmr_logistic_regression,0
e08dfa1_243_250,motiv,2006-2007,0,frozen_xlmr_logistic_regression,1
04609332_6_11,motiv,1912-1915,0,frozen_xlmr_logistic_regression,0
e2a02401_19_24,skär,1896-1899,0,frozen_xlmr_logistic_regression,0
2acf786_51_60,exportera,2018-2019,1,frozen_xlmr_logistic_regression,1
fd34433_161_167,herre,1904-1907,1,frozen_xlmr_logistic_regression,0
e019c0_0_7,motiv,2006-2007,0,frozen_xlmr_logistic_regression,0
12bca8ea_121_127,herre,1912-1915,0,frozen_xlmr_logistic_regression,0
6dc44476_108_113,motiv,1904-1907,0,frozen_xlmr_logistic_regression,0
f46abcda_16_22,herre,1880-1883,0,frozen_xlmr_logistic_regression,0
9e2588af_16_20,skär,1896-1899,1,frozen_xlmr_logistic_regression,1
fc49e49_80_83,fru,2006-2007,1,frozen_xlmr_logistic_regression,1
16a58733_116_119,fru,1888-1891,0,frozen_xlmr_logistic_regression,1
8fc5fb_66_71,motiv,2006-2007,0,frozen_xlmr_logistic_regression,0
e28e9e34_41_44,fru,2018-2019,1,frozen_xlmr_logistic_regression,1
2e8d3fd_205_210,motiv,1888-1891,1,frozen_xlmr_logistic_regression,1
91aff95a_101_104,fru,2010-2011,1,frozen_xlmr_logistic_regression,1
28af3170_36_41,dumpa,2022-2023,1,frozen_xlmr_logistic_regression,0
272d5e0a_117_120,fru,2022-2023,1,frozen_xlmr_logistic_regression,1
25ef01c_224_231,motiv,2022-2023,0,frozen_xlmr_logistic_regression,1
d68a40f_62_69,kvinna,2006-2007,0,frozen_xlmr_logistic_regression,0
dc843682_219_226,kvinna,1888-1891,1,frozen_xlmr_logistic_regression,1
15ce94_86_92,dumpa,2006-2007,0,frozen_xlmr_logistic_regression,0
fe80da62_185_192,kvinna,1888-1891,0,frozen_xlmr_logistic_regression,1
295a8705_100_106,herre,1904-1907,0,frozen_xlmr_logistic_regression,0
0b57a19d_29_39,exportera,2014-2015,1,frozen_xlmr_logistic_regression,1
9a0b1604_80_90,exportera,2022-2023,1,frozen_xlmr_logistic_regression,1
e7227828_78_83,motiv,1904-1907,0,frozen_xlmr_logistic_regression,0
96393877_468_476,skär,1880-1883,1,frozen_xlmr_logistic_regression,0
fc44ae1_62_70,herre,2006-2007,0,frozen_xlmr_logistic_regression,0
9a0d87b2_29_34,suga,2014-2015,0,frozen_xlmr_logistic_regression,1
fc378765_10_19,herre,2010-2011,0,frozen_xlmr_logistic_regression,0
de8eb8a_43_49,dumpa,2022-2023,0,frozen_xlmr_logistic_regression,0
7b8bfe9e_54_60,herre,1880-1883,0,frozen_xlmr_logistic_regression,0
18f325bb_18_23,motiv,1880-1883,0,frozen_xlmr_logistic_regression,0
32f06c53_71_77,dumpa,2018-2019,0,frozen_xlmr_logistic_regression,0
5966f909_49_54,suga,2010-2011,1,frozen_xlmr_logistic_regression,0
b1cb718a_206_211,motiv,1880-1883,0,frozen_xlmr_logistic_regression,0
f348ec2a_75_78,fru,2018-2019,1,frozen_xlmr_linear_svm,1
ad8d7363_26_33,motiv,1896-1899,0,frozen_xlmr_linear_svm,0
91a80cdc_121_126,motiv,2022-2023,0,frozen_xlmr_linear_svm,0
b382a5e9_92_98,kvinna,1912-1915,0,frozen_xlmr_linear_svm,0
8fe95502_139_142,fru,1888-1891,1,frozen_xlmr_linear_svm,1
fc40371_11_19,herre,2006-2007,0,frozen_xlmr_linear_svm,0
15193b_45_54,exportera,2006-2007,0,frozen_xlmr_linear_svm,1
910ca90_90_98,förort,2006-2007,0,frozen_xlmr_linear_svm,0
6a4e4232_111_116,motiv,1888-1891,1,frozen_xlmr_linear_svm,1
371c58d_42_48,herre,1904-1907,0,frozen_xlmr_linear_svm,0
28a14572_10_17,kvinna,2014-2015,0,frozen_xlmr_linear_svm,0
91a6730e_125_133,förort,2010-2011,0,frozen_xlmr_linear_svm,0
d6d5e83_23_28,fru,2006-2007,1,frozen_xlmr_linear_svm,0
fc36be37_149_157,herre,2022-2023,0,frozen_xlmr_linear_svm,0
b1ad11dc_65_72,kvinna,1880-1883,0,frozen_xlmr_linear_svm,0
15222878_11_17,kvinna,2010-2011,0,frozen_xlmr_linear_svm,0
32e5ba_197_202,motiv,2006-2007,0,frozen_xlmr_linear_svm,0
d62a38fa_69_74,skär,1880-1883,0,frozen_xlmr_linear_svm,0
e0bee01e_90_95,dumpa,2014-2015,0,frozen_xlmr_linear_svm,0
8f7249_37_47,exportera,2006-2007,1,frozen_xlmr_linear_svm,1
f3416099_141_148,kvinna,2018-2019,0,frozen_xlmr_linear_svm,0
30581795_134_139,motiv,1888-1891,1,frozen_xlmr_linear_svm,1
b13a033d_234_239,skär,1888-1891,0,frozen_xlmr_linear_svm,0
c1f75505_101_110,fröken,1880-1883,0,frozen_xlmr_linear_svm,0
efa4f081_227_230,fru,1896-1899,1,frozen_xlmr_linear_svm,1
da35851_73_81,dumpa,2010-2011,1,frozen_xlmr_linear_svm,1
c763a79_145_151,dumpa,2014-2015,0,frozen_xlmr_linear_svm,1
915457d_69_79,förort,2006-2007,1,frozen_xlmr_linear_svm,0
4ec5ee3_77_83,herre,1896-1899,0,frozen_xlmr_linear_svm,0
94d9fe7d_75_78,fru,1896-1899,1,frozen_xlmr_linear_svm,1
6f023dd0_14_19,herre,1880-1883,1,frozen_xlmr_linear_svm,0
2652dd15_154_160,herre,1912-1915,0,frozen_xlmr_linear_svm,1
b1192658_38_47,fröken,1904-1907,0,frozen_xlmr_linear_svm,0
c4c292a4_14_17,fru,1912-1915,1,frozen_xlmr_linear_svm,1
d699d193_79_83,suga,2018-2019,0,frozen_xlmr_linear_svm,0
f343b75c_128_132,suga,2014-2015,1,frozen_xlmr_linear_svm,1
d8c3c86e_257_263,fröken,1896-1899,1,frozen_xlmr_linear_svm,0
dc48607f_87_92,dumpa,2014-2015,0,frozen_xlmr_linear_svm,0
0b5e695d_85_88,fru,2022-2023,1,frozen_xlmr_linear_svm,0
87f62b1e_138_145,kvinna,1896-1899,0,frozen_xlmr_linear_svm,0
27ea1e_75_85,exportera,2006-2007,1,frozen_xlmr_linear_svm,1
6893bd62_26_32,kvinna,1896-1899,0,frozen_xlmr_linear_svm,1
5c88f168_120_124,fru,1880-1883,1,frozen_xlmr_linear_svm,1
f3441d9e_11_16,suga,2010-2011,1,frozen_xlmr_linear_svm,0
90f27e03_41_44,fru,1896-1899,1,frozen_xlmr_linear_svm,1
9a01c1db_144_149,suga,2010-2011,0,frozen_xlmr_linear_svm,0
6a0ae632_115_122,kvinna,1904-1907,1,frozen_xlmr_linear_svm,1
9a6b2eb_47_52,motiv,2006-2007,0,frozen_xlmr_linear_svm,0
234ab036_119_124,skär,1912-1915,0,frozen_xlmr_linear_svm,0
df171f0e_66_72,fröken,1896-1899,0,frozen_xlmr_linear_svm,0
ef43cead_194_201,motiv,1912-1915,0,frozen_xlmr_linear_svm,0
72f3f4a_29_36,kvinna,1904-1907,0,frozen_xlmr_linear_svm,0
dc42c447_157_163,fröken,2014-2015,0,frozen_xlmr_linear_svm,1
1dcf4d48_56_59,fru,1880-1883,1,frozen_xlmr_linear_svm,1
f09d8b_0_7,motiv,2006-2007,0,frozen_xlmr_linear_svm,0
8f3ac461_112_118,herre,2010-2011,0,frozen_xlmr_linear_svm,0
d62e58c_63_73,exportera,2006-2007,1,frozen_xlmr_linear_svm,1
3dcdcb9d_0_6,herre,1880-1883,1,frozen_xlmr_linear_svm,0
0d0c31b_43_50,dumpa,2006-2007,1,frozen_xlmr_linear_svm,0
793d8757_39_48,herre,2018-2019,0,frozen_xlmr_linear_svm,0
d135512e_46_55,kvinna,1896-1899,1,frozen_xlmr_linear_svm,1
15bed1d5_51_56,suga,2014-2015,1,frozen_xlmr_linear_svm,0
793f2314_3_9,dumpa,2018-2019,0,frozen_xlmr_linear_svm,0
7fc978e3_153_160,kvinna,1888-1891,0,frozen_xlmr_linear_svm,0
3b1a63f3_137_143,fröken,1896-1899,0,frozen_xlmr_linear_svm,0
516bd63a_12_19,kvinna,2022-2023,0,frozen_xlmr_linear_svm,1
ff45fc76_134_137,fru,1888-1891,1,frozen_xlmr_linear_svm,1
28aff663_118_123,motiv,2022-2023,0,frozen_xlmr_linear_svm,0
91a55e7a_135_145,exportera,2022-2023,1,frozen_xlmr_linear_svm,1
28adab43_41_50,exportera,2014-2015,0,frozen_xlmr_linear_svm,0
6dce6be8_78_87,herre,2022-2023,0,frozen_xlmr_linear_svm,0
28aa8c46_149_155,dumpa,2022-2023,0,frozen_xlmr_linear_svm,0
f34071fa_56_65,exportera,2014-2015,1,frozen_xlmr_linear_svm,1
793be4b_100_106,herre,2018-2019,0,frozen_xlmr_linear_svm,0
11a9eb3a_27_32,motiv,1896-1899,0,frozen_xlmr_linear_svm,0
15278429_222_228,dumpa,2022-2023,0,frozen_xlmr_linear_svm,0
c94172c_4_10,kvinna,2022-2023,0,frozen_xlmr_linear_svm,0
dbb040c3_114_120,fröken,1880-1883,0,frozen_xlmr_linear_svm,0
5965b233_79_89,exportera,2018-2019,1,frozen_xlmr_linear_svm,1
8284164_81_87,herre,2010-2011,0,frozen_xlmr_linear_svm,0
9a7ed9e_0_7,motiv,2006-2007,0,frozen_xlmr_linear_svm,0
91cbdff_83_89,förort,2006-2007,0,frozen_xlmr_linear_svm,1
5747d2f9_43_50,kvinna,1880-1883,1,frozen_xlmr_linear_svm,1
fdfe31ba_0_6,fröken,1896-1899,0,frozen_xlmr_linear_svm,0
1c5d92bb_168_175,kvinna,1880-1883,0,frozen_xlmr_linear_svm,0
d190b568_56_65,herre,2014-2015,0,frozen_xlmr_linear_svm,0
7502ca2d_17_20,fru,1888-1891,1,frozen_xlmr_linear_svm,0
9135dd0_121_127,förort,2006-2007,0,frozen_xlmr_linear_svm,0
6dceff7_60_69,herre,2014-2015,0,frozen_xlmr_linear_svm,0
15b707a_122_128,fröken,2010-2011,0,frozen_xlmr_linear_svm,0
f0202e_93_100,dumpa,2006-2007,1,frozen_xlmr_linear_svm,1
934ff2_126_132,fröken,2006-2007,0,frozen_xlmr_linear_svm,1
0b52fe20_107_114,kvinna,2014-2015,1,frozen_xlmr_linear_svm,0
d1982508_276_280,suga,2010-2011,1,frozen_xlmr_linear_svm,0
272daf8e_78_84,herre,2010-2011,0,frozen_xlmr_linear_svm,1
781ea4bd_0_7,kvinna,1880-1883,0,frozen_xlmr_linear_svm,0
e28298b7_52_62,förort,2018-2019,0,frozen_xlmr_linear_svm,1
6cd36f1d_34_38,suga,2022-2023,0,frozen_xlmr_linear_svm,0
0dd5a4_72_81,herre,2006-2007,0,frozen_xlmr_linear_svm,0
1c88f6bb_154_160,kvinna,1904-1907,0,frozen_xlmr_linear_svm,1
ae4d4b06_90_93,fru,2018-2019,1,frozen_xlmr_linear_svm,1
914b8ef_34_39,suga,2006-2007,0,frozen_xlmr_linear_svm,1
f34a0f51_103_110,kvinna,2014-2015,1,frozen_xlmr_linear_svm,0
d69a73bb_102_111,exportera,2022-2023,1,frozen_xlmr_linear_svm,1
9ab8829_78_84,förort,2006-2007,0,frozen_xlmr_linear_svm,0
f54e9441_2_11,herre,2014-2015,0,frozen_xlmr_linear_svm,0
28ad1931_80_87,motiv,2014-2015,0,frozen_xlmr_linear_svm,0
9a771f9_125_131,dumpa,2006-2007,0,frozen_xlmr_linear_svm,0
32f1ee76_100_105,motiv,2014-2015,0,frozen_xlmr_linear_svm,0
3274c79_41_46,motiv,2010-2011,0,frozen_xlmr_linear_svm,0
91a45e3_40_43,fru,2022-2023,1,frozen_xlmr_linear_svm,1
d68e00a_109_113,suga,2006-2007,0,frozen_xlmr_linear_svm,0
308d7550_11_23,exportera,2018-2019,1,frozen_xlmr_linear_svm,1
d8811bdd_108_115,dumpa,2014-2015,0,frozen_xlmr_linear_svm,0
f34592f5_12_15,fru,2010-2011,1,frozen_xlmr_linear_svm,1
e0d2b3_30_33,fru,2006-2007,1,frozen_xlmr_linear_svm,1
85a9dbe4_69_75,herre,1888-1891,1,frozen_xlmr_linear_svm,0
1df1000a_84_89,motiv,1912-1915,0,frozen_xlmr_linear_svm,0
fa5c2767_154_160,fröken,1896-1899,0,frozen_xlmr_linear_svm,1
91aecd1c_55_62,motiv,2018-2019,0,frozen_xlmr_linear_svm,0
f88e7b2d_20_26,fröken,1880-1883,0,frozen_xlmr_linear_svm,0
f4a3d2b0_286_291,motiv,1888-1891,1,frozen_xlmr_linear_svm,1
8ce23474_122_125,fru,1912-1915,1,frozen_xlmr_linear_svm,1
2039c739_329_335,kvinna,1896-1899,0,frozen_xlmr_linear_svm,1
555d5af_24_27,fru,2022-2023,1,frozen_xlmr_linear_svm,1
91ea8e3_0_7,motiv,2006-2007,0,frozen_xlmr_linear_svm,0
2e160ddf_99_106,motiv,1912-1915,0,frozen_xlmr_linear_svm,1
e0be59b6_113_121,förort,2022-2023,1,frozen_xlmr_linear_svm,0
e0bc7de2_51_57,förort,2014-2015,0,frozen_xlmr_linear_svm,0
15bb2eee_83_92,exportera,2014-2015,1,frozen_xlmr_linear_svm,1
917d7c5_49_58,exportera,2006-2007,1,frozen_xlmr_linear_svm,1
e0bb5e9d_27_33,kvinna,2010-2011,0,frozen_xlmr_linear_svm,0
77555223_111_116,motiv,1904-1907,0,frozen_xlmr_linear_svm,0
e285aa5d_0_7,kvinna,2014-2015,0,frozen_xlmr_linear_svm,1
d7207c0f_62_69,motiv,1904-1907,0,frozen_xlmr_linear_svm,0
0d60ac7_105_110,suga,2006-2007,1,frozen_xlmr_linear_svm,0
d69def56_57_65,förort,2018-2019,1,frozen_xlmr_linear_svm,1
5969d8af_0_7,motiv,2010-2011,0,frozen_xlmr_linear_svm,0
e052755a_25_30,herre,1896-1899,0,frozen_xlmr_linear_svm,1
28a3eb9e_54_59,suga,2010-2011,0,frozen_xlmr_linear_svm,1
e28ccaf7_19_24,herre,2014-2015,0,frozen_xlmr_linear_svm,0
152f95f7_108_113,suga,2022-2023,0,frozen_xlmr_linear_svm,0
fd34345c_63_66,fru,1904-1907,1,frozen_xlmr_linear_svm,1
fcd5386_11_17,herre,2006-2007,0,frozen_xlmr_linear_svm,0
176d92b9_69_72,fru,1904-1907,1,frozen_xlmr_linear_svm,1
2728ad32_56_65,exportera,2018-2019,1,frozen_xlmr_linear_svm,1
7755be9c_31_36,motiv,1904-1907,0,frozen_xlmr_linear_svm,1
1524d3f2_38_43,motiv,2010-2011,1,frozen_xlmr_linear_svm,0
8f299362_112_121,kvinna,1896-1899,1,frozen_xlmr_linear_svm,1
59827c4_52_61,herre,2022-2023,0,frozen_xlmr_linear_svm,0
d6989ef4_6_11,suga,2010-2011,0,frozen_xlmr_linear_svm,0
e0bfa99b_106_111,motiv,2010-2011,0,frozen_xlmr_linear_svm,0
ae4b5c95_66_70,suga,2014-2015,0,frozen_xlmr_linear_svm,0
272bafb6_117_120,fru,2010-2011,1,frozen_xlmr_linear_svm,1
28a8e0e7_28_40,exportera,2014-2015,1,frozen_xlmr_linear_svm,1
d6900fc4_99_107,förort,2022-2023,1,frozen_xlmr_linear_svm,0
0dec097_12_18,kvinna,2006-2007,0,frozen_xlmr_linear_svm,0
a502d61_253_257,skär,1880-1883,0,frozen_xlmr_linear_svm,1
0db4632_7_13,herre,2010-2011,0,frozen_xlmr_linear_svm,0
1c033d9b_110_119,kvinna,1912-1915,1,frozen_xlmr_linear_svm,0
9a0e57ff_14_19,herre,2010-2011,0,frozen_xlmr_linear_svm,0
f3459b65_172_178,kvinna,2010-2011,0,frozen_xlmr_linear_svm,0
32fbd30d_63_66,fru,2018-2019,1,frozen_xlmr_linear_svm,1
1c4d8847_201_206,motiv,1912-1915,0,frozen_xlmr_linear_svm,1
f5459df1_18_25,kvinna,2022-2023,0,frozen_xlmr_linear_svm,1
2a62f231_35_43,herre,1912-1915,0,frozen_xlmr_linear_svm,0
9a0d4b01_136_146,exportera,2022-2023,0,frozen_xlmr_linear_svm,1
a4e6c7e1_89_92,fru,2018-2019,1,frozen_xlmr_linear_svm,1
476d2e9a_51_58,motiv,1880-1883,0,frozen_xlmr_linear_svm,0
34994094_28_35,kvinna,1896-1899,0,frozen_xlmr_linear_svm,0
d627702_2_9,motiv,2006-2007,0,frozen_xlmr_linear_svm,0
0f336d47_175_180,herre,1888-1891,0,frozen_xlmr_linear_svm,0
2720d3fb_63_68,fru,2010-2011,1,frozen_xlmr_linear_svm,1
8694d226_273_280,motiv,1880-1883,0,frozen_xlmr_linear_svm,1
e1a517a8_46_51,herre,1912-1915,0,frozen_xlmr_linear_svm,1
2ae5bde4_7_13,herre,1888-1891,0,frozen_xlmr_linear_svm,0
cdcb8b8_9_15,kvinna,2022-2023,0,frozen_xlmr_linear_svm,0
3dc50b9f_72_80,herre,2018-2019,0,frozen_xlmr_linear_svm,0
d194e1a0_55_61,förort,2010-2011,0,frozen_xlmr_linear_svm,1
28a1224c_6_11,suga,2022-2023,0,frozen_xlmr_linear_svm,0
2f5da21f_190_196,fröken,1904-1907,0,frozen_xlmr_linear_svm,0
243fb28_87_93,herre,1880-1883,0,frozen_xlmr_linear_svm,0
275692_56_67,exportera,2006-2007,1,frozen_xlmr_linear_svm,1
da3f3403_78_82,suga,2018-2019,0,frozen_xlmr_linear_svm,0
51662cd5_8_17,kvinna,2018-2019,0,frozen_xlmr_linear_svm,0
0dbf9bd3_129_136,kvinna,2014-2015,0,frozen_xlmr_linear_svm,0
719105b4_8_17,fröken,1912-1915,0,frozen_xlmr_linear_svm,0
d6942fb_121_129,dumpa,2006-2007,0,frozen_xlmr_linear_svm,0
28a54eac_122_127,dumpa,2022-2023,0,frozen_xlmr_linear_svm,1
e2597f_32_42,exportera,2006-2007,1,frozen_xlmr_linear_svm,1
e0baf1d0_148_156,förort,2010-2011,1,frozen_xlmr_linear_svm,1
b0240b36_39_46,dumpa,2018-2019,1,frozen_xlmr_linear_svm,0
ae405fb4_69_74,motiv,2014-2015,0,frozen_xlmr_linear_svm,0
a4ee0261_133_139,kvinna,2014-2015,0,frozen_xlmr_linear_svm,1
d1db5585_61_67,kvinna,1880-1883,0,frozen_xlmr_linear_svm,1
8ea5a505_43_50,kvinna,1904-1907,0,frozen_xlmr_linear_svm,1
e281bb40_74_77,fru,2018-2019,1,frozen_xlmr_linear_svm,1
91173b5_58_68,förort,2006-2007,1,frozen_xlmr_linear_svm,1
d524a346_141_150,fröken,1896-1899,0,frozen_xlmr_linear_svm,1
20a081f7_112_121,kvinna,1904-1907,1,frozen_xlmr_linear_svm,0
e288754b_49_56,motiv,2022-2023,0,frozen_xlmr_linear_svm,0
f6d78c59_116_119,fru,1912-1915,1,frozen_xlmr_linear_svm,0
a2ffd14_286_290,skär,1904-1907,0,frozen_xlmr_linear_svm,0
d69dfc8b_132_137,dumpa,2014-2015,0,frozen_xlmr_linear_svm,0
4701d8df_0_6,herre,1888-1891,0,frozen_xlmr_linear_svm,1
7dbdaf8_44_53,herre,2010-2011,0,frozen_xlmr_linear_svm,0
1521e88c_95_102,motiv,2010-2011,0,frozen_xlmr_linear_svm,1
08ebb21_125_129,suga,2022-2023,0,frozen_xlmr_linear_svm,0
9c0863a7_176_181,motiv,1912-1915,0,frozen_xlmr_linear_svm,1
2c5232ef_37_42,herre,1880-1883,0,frozen_xlmr_linear_svm,1
9a0ea02b_113_117,fru,2014-2015,1,frozen_xlmr_linear_svm,1
60a8cb52_166_169,fru,1888-1891,1,frozen_xlmr_linear_svm,1
826ad9cf_102_106,skär,1896-1899,1,frozen_xlmr_linear_svm,1
1c009088_296_301,skär,1912-1915,0,frozen_xlmr_linear_svm,0
7e173a3a_111_114,fru,1896-1899,1,frozen_xlmr_linear_svm,1
27207fd3_83_93,exportera,2018-2019,1,frozen_xlmr_linear_svm,1
917b2d5_112_122,exportera,2006-2007,1,frozen_xlmr_linear_svm,1
7933d4d_77_85,herre,2018-2019,0,frozen_xlmr_linear_svm,0
1c017620_17_20,fru,1912-1915,1,frozen_xlmr_linear_svm,1
d69982c8_108_115,kvinna,2010-2011,0,frozen_xlmr_linear_svm,0
327505f_62_68,dumpa,2014-2015,0,frozen_xlmr_linear_svm,0
af8af7f0_106_113,kvinna,1896-1899,0,frozen_xlmr_linear_svm,0
873ecc40_100_105,motiv,1904-1907,0,frozen_xlmr_linear_svm,0
0b576133_53_62,exportera,2014-2015,1,frozen_xlmr_linear_svm,1
1523d090_77_85,förort,2018-2019,1,frozen_xlmr_linear_svm,1
e0b0f535_124_127,fru,2018-2019,1,frozen_xlmr_linear_svm,0
a80845e5_61_66,skär,1888-1891,0,frozen_xlmr_linear_svm,0
9391feac_34_37,fru,1888-1891,1,frozen_xlmr_linear_svm,1
32770a9_139_148,exportera,2022-2023,1,frozen_xlmr_linear_svm,1
a824c10_157_163,herre,1880-1883,0,frozen_xlmr_linear_svm,0
a7267be4_237_242,motiv,1896-1899,0,frozen_xlmr_linear_svm,0
152930c5_96_103,fröken,2022-2023,0,frozen_xlmr_linear_svm,1
f340f45e_61_67,fröken,2010-2011,0,frozen_xlmr_linear_svm,1
6dcf4582_116_121,suga,2022-2023,0,frozen_xlmr_linear_svm,0
d69f8070_35_45,exportera,2022-2023,1,frozen_xlmr_linear_svm,1
91ac76df_150_159,exportera,2022-2023,1,frozen_xlmr_linear_svm,1
eb08a7c0_144_149,motiv,1888-1891,1,frozen_xlmr_linear_svm,1
27200726_11_22,exportera,2010-2011,1,frozen_xlmr_linear_svm,1
b0c25b9e_128_133,motiv,1888-1891,0,frozen_xlmr_linear_svm,1
9aee844_90_97,dumpa,2006-2007,1,frozen_xlmr_linear_svm,0
15b7bdea_28_37,herre,2014-2015,0,frozen_xlmr_linear_svm,0
f33fa58_59_65,herre,2006-2007,0,frozen_xlmr_linear_svm,0
fc30764e_128_136,dumpa,2014-2015,0,frozen_xlmr_linear_svm,0
fb4beef6_9_14,herre,1888-1891,0,frozen_xlmr_linear_svm,1
e1de725f_154_160,fröken,1888-1891,0,frozen_xlmr_linear_svm,1
6dc3ab84_27_36,herre,2022-2023,0,frozen_xlmr_linear_svm,0
e28acc2c_26_31,motiv,2014-2015,0,frozen_xlmr_linear_svm,0
d19d3b84_133_138,suga,2014-2015,0,frozen_xlmr_linear_svm,0
9a0bd600_72_81,exportera,2018-2019,1,frozen_xlmr_linear_svm,1
f547d265_66_75,exportera,2010-2011,1,frozen_xlmr_linear_svm,0
27289bf8_95_98,fru,2010-2011,1,frozen_xlmr_linear_svm,1
b4a3d22a_68_72,skär,1880-1883,0,frozen_xlmr_linear_svm,0
28adeb8e_88_94,kvinna,2022-2023,0,frozen_xlmr_linear_svm,0
fc15f12_76_82,herre,2006-2007,0,frozen_xlmr_linear_svm,0
d64d1a8_15_21,kvinna,2006-2007,0,frozen_xlmr_linear_svm,0
58fb884a_25_32,kvinna,1896-1899,0,frozen_xlmr_linear_svm,0
82898bf_156_165,herre,2010-2011,0,frozen_xlmr_linear_svm,0
cdcedbfa_87_96,herre,2014-2015,0,frozen_xlmr_linear_svm,0
6ff20046_60_67,motiv,1904-1907,0,frozen_xlmr_linear_svm,0
79329ccb_85_90,suga,2022-2023,0,frozen_xlmr_linear_svm,0
47f5c7e7_29_36,kvinna,1896-1899,0,frozen_xlmr_linear_svm,0
15207c14_21_26,motiv,2022-2023,0,frozen_xlmr_linear_svm,1
6dcfaa25_123_129,herre,2018-2019,0,frozen_xlmr_linear_svm,0
f89f77b5_75_78,fru,1880-1883,1,frozen_xlmr_linear_svm,1
852ba97_86_94,förort,2014-2015,0,frozen_xlmr_linear_svm,1
56ce8d0f_0_7,motiv,1896-1899,0,frozen_xlmr_linear_svm,0
040f9450_353_362,fröken,1912-1915,0,frozen_xlmr_linear_svm,0
f541a7ed_99_105,fröken,2014-2015,0,frozen_xlmr_linear_svm,0
474f2be0_14_21,kvinna,1880-1883,0,frozen_xlmr_linear_svm,0
32f2fe9c_73_80,kvinna,2014-2015,0,frozen_xlmr_linear_svm,0
6b340cc9_57_66,kvinna,1880-1883,1,frozen_xlmr_linear_svm,1
bada5cfc_110_115,skär,1896-1899,0,frozen_xlmr_linear_svm,1
f05c247d_19_22,fru,2014-2015,1,frozen_xlmr_linear_svm,1
e0fc0cc7_236_243,kvinna,1912-1915,1,frozen_xlmr_linear_svm,1
a4e130cd_139_145,fröken,2014-2015,0,frozen_xlmr_linear_svm,0
cc7aef06_157_163,kvinna,1880-1883,0,frozen_xlmr_linear_svm,0
9a013e04_38_47,exportera,2022-2023,0,frozen_xlmr_linear_svm,0
387f0c3d_120_125,motiv,1896-1899,1,frozen_xlmr_linear_svm,0
f3265c2_118_123,skär,1904-1907,0,frozen_xlmr_linear_svm,0
85224e3_64_69,dumpa,2022-2023,0,frozen_xlmr_linear_svm,0
f54b1462_107_114,kvinna,2014-2015,0,frozen_xlmr_linear_svm,0
0b5c0885_128_133,motiv,2018-2019,0,frozen_xlmr_linear_svm,1
152f8192_98_104,förort,2010-2011,0,frozen_xlmr_linear_svm,1
ef4d4c16_296_301,motiv,1912-1915,0,frozen_xlmr_linear_svm,1
f340b10e_65_75,förort,2018-2019,0,frozen_xlmr_linear_svm,1
596b689e_20_24,suga,2018-2019,0,frozen_xlmr_linear_svm,0
8f3bce80_47_53,kvinna,2018-2019,0,frozen_xlmr_linear_svm,0
5c719c3_267_272,skär,1896-1899,1,frozen_xlmr_linear_svm,0
1dcfd338_53_58,skär,1880-1883,0,frozen_xlmr_linear_svm,0
0b57f308_101_106,motiv,2022-2023,0,frozen_xlmr_linear_svm,0
272e47b2_71_74,fru,2014-2015,1,frozen_xlmr_linear_svm,1
cdce06_77_83,fröken,1880-1883,0,frozen_xlmr_linear_svm,1
e07f4b5_67_74,dumpa,2006-2007,0,frozen_xlmr_linear_svm,0
d64489c_53_58,motiv,2006-2007,0,frozen_xlmr_linear_svm,0
cdcabcca_200_205,suga,2018-2019,1,frozen_xlmr_linear_svm,1
118e1e0_90_95,suga,2022-2023,0,frozen_xlmr_linear_svm,0
147b9109_58_63,motiv,1904-1907,0,frozen_xlmr_linear_svm,0
44b6575a_26_32,herre,1912-1915,0,frozen_xlmr_linear_svm,0
2721ea4f_260_269,exportera,2010-2011,1,frozen_xlmr_linear_svm,1
d6952883_48_53,suga,2014-2015,1,frozen_xlmr_linear_svm,1
272b0852_37_44,kvinna,2014-2015,0,frozen_xlmr_linear_svm,1
394683e9_123_126,fru,1880-1883,0,frozen_xlmr_linear_svm,1
8c8fecc4_99_104,dumpa,2014-2015,0,frozen_xlmr_linear_svm,1
fc39860d_118_124,herre,2010-2011,0,frozen_xlmr_linear_svm,0
f057b49c_149_156,dumpa,2018-2019,0,frozen_xlmr_linear_svm,1
4279d004_51_58,kvinna,1880-1883,0,frozen_xlmr_linear_svm,0
a61830e9_105_111,herre,1896-1899,0,frozen_xlmr_linear_svm,1
1566a0c7_23_28,motiv,1912-1915,1,frozen_xlmr_linear_svm,0
918a05c_127_135,förort,2006-2007,0,frozen_xlmr_linear_svm,0
152de677_141_146,motiv,2018-2019,1,frozen_xlmr_linear_svm,0
287a1b_95_100,motiv,2006-2007,0,frozen_xlmr_linear_svm,0
ee6cb643_124_128,skär,1912-1915,1,frozen_xlmr_linear_svm,0
fc27f8a_108_114,herre,2006-2007,0,frozen_xlmr_linear_svm,0
66c21a6_65_71,fröken,1888-1891,0,frozen_xlmr_linear_svm,0
b54cfa24_0_7,motiv,1880-1883,1,frozen_xlmr_linear_svm,1
a60d7150_192_197,motiv,1912-1915,1,frozen_xlmr_linear_svm,1
2d11331c_38_41,fru,1880-1883,1,frozen_xlmr_linear_svm,1
5faef1cc_190_195,motiv,1880-1883,0,frozen_xlmr_linear_svm,0
f8386010_163_166,fru,1904-1907,0,frozen_xlmr_linear_svm,1
4a7ff47b_118_124,fröken,1912-1915,1,frozen_xlmr_linear_svm,0
632a0519_191_197,kvinna,1904-1907,0,frozen_xlmr_linear_svm,1
d6592b33_4_10,herre,1880-1883,0,frozen_xlmr_linear_svm,0
8ceacabc_155_165,kvinna,1912-1915,1,frozen_xlmr_linear_svm,0
fc0332c_88_92,fru,2006-2007,1,frozen_xlmr_linear_svm,1
f201b131_105_112,kvinna,1904-1907,0,frozen_xlmr_linear_svm,1
51689e1c_102_108,förort,2018-2019,0,frozen_xlmr_linear_svm,0
a913cd0f_216_222,fröken,1888-1891,0,frozen_xlmr_linear_svm,1
eb6d17f7_13_18,motiv,1904-1907,0,frozen_xlmr_linear_svm,0
fce8347_116_122,herre,2006-2007,0,frozen_xlmr_linear_svm,0
91a74c64_133_137,suga,2010-2011,0,frozen_xlmr_linear_svm,0
11f54715_21_24,fru,1896-1899,1,frozen_xlmr_linear_svm,0
bc602e0e_30_33,fru,1904-1907,1,frozen_xlmr_linear_svm,0
e0b96f2c_55_63,förort,2018-2019,1,frozen_xlmr_linear_svm,0
9a0b327b_176_184,förort,2014-2015,1,frozen_xlmr_linear_svm,1
2589ba13_225_230,motiv,1896-1899,0,frozen_xlmr_linear_svm,1
c7697e0_27_30,fru,2022-2023,1,frozen_xlmr_linear_svm,1
9a008dff_113_120,motiv,2014-2015,0,frozen_xlmr_linear_svm,0
f07056_11_22,exportera,2006-2007,1,frozen_xlmr_linear_svm,1
327d97c_251_258,kvinna,2010-2011,1,frozen_xlmr_linear_svm,1
829e078e_38_44,fröken,1880-1883,0,frozen_xlmr_linear_svm,0
e095e14_163_166,fru,1880-1883,1,frozen_xlmr_linear_svm,1
28a1d06a_100_106,dumpa,2018-2019,1,frozen_xlmr_linear_svm,0
58fb408d_121_128,kvinna,1896-1899,0,frozen_xlmr_linear_svm,1
f806cf7d_179_183,fru,1896-1899,1,frozen_xlmr_linear_svm,1
387f9dc4_6_9,fru,1896-1899,1,frozen_xlmr_linear_svm,1
91a824cc_53_62,exportera,2018-2019,1,frozen_xlmr_linear_svm,1
fc36e83c_20_23,fru,2010-2011,1,frozen_xlmr_linear_svm,1
a767e67e_79_85,herre,1896-1899,0,frozen_xlmr_linear_svm,0
7d02111d_103_108,skär,1888-1891,0,frozen_xlmr_linear_svm,0
e8f43687_185_189,skär,1888-1891,0,frozen_xlmr_linear_svm,0
ae42018_21_28,motiv,2010-2011,0,frozen_xlmr_linear_svm,0
e0b2790e_68_76,förort,2018-2019,1,frozen_xlmr_linear_svm,1
3273b1c_49_54,suga,2022-2023,0,frozen_xlmr_linear_svm,1
93ad834f_52_55,fru,2014-2015,1,frozen_xlmr_linear_svm,0
9a08ecc8_193_199,förort,2018-2019,1,frozen_xlmr_linear_svm,0
79feff85_38_45,motiv,1880-1883,0,frozen_xlmr_linear_svm,0
91a0f42f_140_148,förort,2010-2011,1,frozen_xlmr_linear_svm,1
91a03325_37_45,förort,2010-2011,0,frozen_xlmr_linear_svm,0
152ad3b7_151_157,fröken,2022-2023,0,frozen_xlmr_linear_svm,0
308845f5_19_24,suga,2018-2019,0,frozen_xlmr_linear_svm,0
e08dfa1_243_250,motiv,2006-2007,0,frozen_xlmr_linear_svm,1
04609332_6_11,motiv,1912-1915,0,frozen_xlmr_linear_svm,0
e2a02401_19_24,skär,1896-1899,0,frozen_xlmr_linear_svm,0
2acf786_51_60,exportera,2018-2019,1,frozen_xlmr_linear_svm,1
fd34433_161_167,herre,1904-1907,1,frozen_xlmr_linear_svm,0
e019c0_0_7,motiv,2006-2007,0,frozen_xlmr_linear_svm,0
12bca8ea_121_127,herre,1912-1915,0,frozen_xlmr_linear_svm,0
6dc44476_108_113,motiv,1904-1907,0,frozen_xlmr_linear_svm,0
f46abcda_16_22,herre,1880-1883,0,frozen_xlmr_linear_svm,0
9e2588af_16_20,skär,1896-1899,1,frozen_xlmr_linear_svm,1
fc49e49_80_83,fru,2006-2007,1,frozen_xlmr_linear_svm,0
16a58733_116_119,fru,1888-1891,0,frozen_xlmr_linear_svm,1
8fc5fb_66_71,motiv,2006-2007,0,frozen_xlmr_linear_svm,0
e28e9e34_41_44,fru,2018-2019,1,frozen_xlmr_linear_svm,1
2e8d3fd_205_210,motiv,1888-1891,1,frozen_xlmr_linear_svm,1
91aff95a_101_104,fru,2010-2011,1,frozen_xlmr_linear_svm,1
28af3170_36_41,dumpa,2022-2023,1,frozen_xlmr_linear_svm,0
272d5e0a_117_120,fru,2022-2023,1,frozen_xlmr_linear_svm,1
25ef01c_224_231,motiv,2022-2023,0,frozen_xlmr_linear_svm,1
d68a40f_62_69,kvinna,2006-2007,0,frozen_xlmr_linear_svm,0
dc843682_219_226,kvinna,1888-1891,1,frozen_xlmr_linear_svm,1
15ce94_86_92,dumpa,2006-2007,0,frozen_xlmr_linear_svm,0
fe80da62_185_192,kvinna,1888-1891,0,frozen_xlmr_linear_svm,0
295a8705_100_106,herre,1904-1907,0,frozen_xlmr_linear_svm,0
0b57a19d_29_39,exportera,2014-2015,1,frozen_xlmr_linear_svm,1
9a0b1604_80_90,exportera,2022-2023,1,frozen_xlmr_linear_svm,1
e7227828_78_83,motiv,1904-1907,0,frozen_xlmr_linear_svm,0
96393877_468_476,skär,1880-1883,1,frozen_xlmr_linear_svm,0
fc44ae1_62_70,herre,2006-2007,0,frozen_xlmr_linear_svm,0
9a0d87b2_29_34,suga,2014-2015,0,frozen_xlmr_linear_svm,1
fc378765_10_19,herre,2010-2011,0,frozen_xlmr_linear_svm,0
de8eb8a_43_49,dumpa,2022-2023,0,frozen_xlmr_linear_svm,0
7b8bfe9e_54_60,herre,1880-1883,0,frozen_xlmr_linear_svm,0
18f325bb_18_23,motiv,1880-1883,0,frozen_xlmr_linear_svm,0
32f06c53_71_77,dumpa,2018-2019,0,frozen_xlmr_linear_svm,0
5966f909_49_54,suga,2010-2011,1,frozen_xlmr_linear_svm,0
b1cb718a_206_211,motiv,1880-1883,0,frozen_xlmr_linear_svm,0
