model,group_type,group,evaluation_size,accuracy,macro_f1,weighted_f1,precision,recall,precision_macro,recall_macro,balanced_accuracy
ablated_no_word_id_logistic_regression,word,dumpa,27,0.2962962962962963,0.2597402597402597,0.18053551386884717,0.6346153846153846,0.525,0.6346153846153846,0.525,0.525
ablated_no_word_id_logistic_regression,word,exportera,33,0.8787878787878788,0.6333333333333333,0.8606060606060606,0.7016129032258065,0.6077586206896552,0.7016129032258065,0.6077586206896552,0.6077586206896552
ablated_no_word_id_logistic_regression,word,fru,53,0.6415094339622641,0.47249869041382925,0.7372821886397106,0.5348484848484849,0.6533333333333333,0.5348484848484849,0.6533333333333333,0.6533333333333333
ablated_no_word_id_logistic_regression,word,fröken,27,0.8518518518518519,0.625,0.8734567901234568,0.6032608695652174,0.69,0.6032608695652174,0.69,0.69
ablated_no_word_id_logistic_regression,word,förort,26,0.8076923076923077,0.8074074074074074,0.807977207977208,0.8076923076923077,0.8095238095238095,0.8076923076923077,0.8095238095238095,0.8095238095238095
ablated_no_word_id_logistic_regression,word,herre,57,0.8947368421052632,0.4722222222222222,0.878167641325536,0.4636363636363636,0.4811320754716981,0.4636363636363636,0.4811320754716981,0.4811320754716981
ablated_no_word_id_logistic_regression,word,kvinna,58,0.6551724137931034,0.4390715667311412,0.6311612085639965,0.4331065759637188,0.44957264957264953,0.4331065759637188,0.44957264957264953,0.44957264957264953
ablated_no_word_id_logistic_regression,word,motiv,68,0.8088235294117647,0.6814414414414414,0.8177106518282988,0.667989417989418,0.7025518341307815,0.667989417989418,0.7025518341307815,0.7025518341307815
ablated_no_word_id_logistic_regression,word,skär,19,0.7894736842105263,0.6833333333333333,0.7701754385964912,0.7395833333333333,0.6642857142857144,0.7395833333333333,0.6642857142857144,0.6642857142857144
ablated_no_word_id_logistic_regression,word,suga,29,0.5862068965517241,0.5735294117647058,0.6064908722109534,0.6105769230769231,0.6369047619047619,0.6105769230769231,0.6369047619047619,0.6369047619047619
ablated_no_word_id_logistic_regression,period_label,1880-1883,40,0.7,0.5698924731182795,0.6763440860215054,0.5930735930735931,0.567398119122257,0.5930735930735931,0.567398119122257,0.567398119122257
ablated_no_word_id_logistic_regression,period_label,1888-1891,27,0.7037037037037037,0.6823529411764706,0.6915032679738561,0.7171052631578947,0.6833333333333333,0.7171052631578947,0.6833333333333333,0.6833333333333333
ablated_no_word_id_logistic_regression,period_label,1896-1899,38,0.6052631578947368,0.47368421052631576,0.5429362880886426,0.5181818181818182,0.5089285714285714,0.5181818181818182,0.5089285714285714,0.5089285714285714
ablated_no_word_id_logistic_regression,period_label,1904-1907,27,0.7777777777777778,0.5597826086956521,0.7318840579710145,0.65,0.5595238095238095,0.65,0.5595238095238095,0.5595238095238095
ablated_no_word_id_logistic_regression,period_label,1912-1915,28,0.75,0.7470967741935484,0.7529032258064515,0.75,0.7620320855614974,0.75,0.7620320855614974,0.7620320855614974
ablated_no_word_id_logistic_regression,period_label,2006-2007,53,0.8301886792452831,0.8239202657807309,0.8345765686704695,0.8221428571428572,0.857936507936508,0.8221428571428572,0.857936507936508,0.857936507936508
ablated_no_word_id_logistic_regression,period_label,2010-2011,45,0.7111111111111111,0.7058823529411764,0.7154684095860566,0.708498023715415,0.7216386554621849,0.708498023715415,0.7216386554621849,0.7216386554621849
ablated_no_word_id_logistic_regression,period_label,2014-2015,50,0.7,0.6703296703296704,0.7098901098901099,0.6666666666666667,0.6904761904761905,0.6666666666666667,0.6904761904761905,0.6904761904761905
ablated_no_word_id_logistic_regression,period_label,2018-2019,43,0.813953488372093,0.8138528138528138,0.8141548374106514,0.8149350649350648,0.816304347826087,0.8149350649350648,0.816304347826087,0.816304347826087
ablated_no_word_id_logistic_regression,period_label,2022-2023,46,0.717391304347826,0.7140124342419896,0.7261763666230013,0.7592592592592593,0.796875,0.7592592592592593,0.796875,0.796875
eda_features_logistic_regression,word,dumpa,27,0.7407407407407407,0.5333333333333333,0.6831275720164608,0.63,0.5464285714285714,0.63,0.5464285714285714,0.5464285714285714
eda_features_logistic_regression,word,exportera,33,0.8787878787878788,0.46774193548387094,0.8220918866080157,0.4393939393939394,0.5,0.4393939393939394,0.5,0.5
eda_features_logistic_regression,word,fru,53,0.9433962264150944,0.4854368932038835,0.9159186664224217,0.4716981132075472,0.5,0.4716981132075472,0.5,0.5
eda_features_logistic_regression,word,fröken,27,0.9259259259259259,0.4807692307692308,0.8903133903133904,0.46296296296296297,0.5,0.46296296296296297,0.5,0.5
eda_features_logistic_regression,word,förort,26,0.6538461538461539,0.6267942583732058,0.6190651453809348,0.7857142857142857,0.6785714285714286,0.7857142857142857,0.6785714285714286,0.6785714285714286
eda_features_logistic_regression,word,herre,57,0.9298245614035088,0.4818181818181818,0.8960127591706538,0.4649122807017544,0.5,0.4649122807017544,0.5,0.5
eda_features_logistic_regression,word,kvinna,58,0.7931034482758621,0.565,0.7387931034482759,0.7333333333333334,0.5658119658119658,0.7333333333333334,0.5658119658119658,0.5658119658119658
eda_features_logistic_regression,word,motiv,68,0.8382352941176471,0.5322076297686054,0.7881580399514402,0.6742424242424243,0.536682615629984,0.6742424242424243,0.536682615629984,0.536682615629984
eda_features_logistic_regression,word,skär,19,0.7894736842105263,0.6833333333333333,0.7701754385964912,0.7395833333333333,0.6642857142857144,0.7395833333333333,0.6642857142857144,0.6642857142857144
eda_features_logistic_regression,word,suga,29,0.7241379310344828,0.42,0.6082758620689656,0.3620689655172414,0.5,0.3620689655172414,0.5,0.5
eda_features_logistic_regression,period_label,1880-1883,40,0.85,0.7849462365591398,0.8381720430107527,0.8528138528138528,0.755485893416928,0.8528138528138528,0.755485893416928,0.755485893416928
eda_features_logistic_regression,period_label,1888-1891,27,0.6666666666666666,0.6345864661654135,0.6466165413533834,0.6821428571428572,0.6416666666666667,0.6821428571428572,0.6416666666666667,0.6416666666666667
eda_features_logistic_regression,period_label,1896-1899,38,0.8157894736842105,0.7696969696969697,0.7968102073365231,0.8870967741935484,0.75,0.8870967741935484,0.75,0.75
eda_features_logistic_regression,period_label,1904-1907,27,0.8518518518518519,0.7545454545454545,0.8404040404040403,0.8097826086956521,0.7261904761904762,0.8097826086956521,0.7261904761904762,0.7261904761904762
eda_features_logistic_regression,period_label,1912-1915,28,0.8214285714285714,0.8095238095238095,0.8197278911564625,0.8166666666666667,0.8048128342245989,0.8166666666666667,0.8048128342245989,0.8048128342245989
eda_features_logistic_regression,period_label,2006-2007,53,0.8679245283018868,0.8546807677242461,0.8687522633379893,0.8506191950464397,0.8595238095238096,0.8506191950464397,0.8595238095238096,0.8595238095238096
eda_features_logistic_regression,period_label,2010-2011,45,0.8,0.7785675232367414,0.7954073264078731,0.7960829493087558,0.7699579831932774,0.7960829493087558,0.7699579831932774,0.7699579831932774
eda_features_logistic_regression,period_label,2014-2015,50,0.86,0.8224251648909182,0.8550989345509893,0.8508771929824561,0.8047619047619048,0.8508771929824561,0.8047619047619048,0.8047619047619048
eda_features_logistic_regression,period_label,2018-2019,43,0.8372093023255814,0.8368563685636856,0.8373857692065293,0.8365800865800865,0.8380434782608696,0.8365800865800865,0.8380434782608696,0.8380434782608696
eda_features_logistic_regression,period_label,2022-2023,46,0.9347826086956522,0.9244663382594417,0.9353894481330763,0.9172043010752688,0.9330357142857143,0.9172043010752688,0.9330357142857143,0.9330357142857143
eda_features_random_forest,word,dumpa,27,0.6296296296296297,0.5178571428571428,0.6296296296296297,0.5178571428571428,0.5178571428571428,0.5178571428571428,0.5178571428571428,0.5178571428571428
eda_features_random_forest,word,exportera,33,0.8787878787878788,0.6333333333333333,0.8606060606060606,0.7016129032258065,0.6077586206896552,0.7016129032258065,0.6077586206896552,0.6077586206896552
eda_features_random_forest,word,fru,53,0.8113207547169812,0.4479166666666667,0.8451257861635221,0.4673913043478261,0.43,0.4673913043478261,0.43,0.43
eda_features_random_forest,word,fröken,27,0.9629629629629629,0.8235294117647058,0.9571532316630355,0.9807692307692308,0.75,0.9807692307692308,0.75,0.75
eda_features_random_forest,word,förort,26,0.6923076923076923,0.675,0.6807692307692308,0.7083333333333333,0.6785714285714286,0.7083333333333333,0.6785714285714286,0.6785714285714286
eda_features_random_forest,word,herre,57,0.9298245614035088,0.4818181818181818,0.8960127591706538,0.4649122807017544,0.5,0.4649122807017544,0.5,0.5
eda_features_random_forest,word,kvinna,58,0.7586206896551724,0.43137254901960786,0.6693711967545639,0.38596491228070173,0.4888888888888889,0.38596491228070173,0.4888888888888889,0.4888888888888889
eda_features_random_forest,word,motiv,68,0.8676470588235294,0.6172607879924954,0.8266747599602694,0.9318181818181819,0.5909090909090909,0.9318181818181819,0.5909090909090909,0.5909090909090909
eda_features_random_forest,word,skär,19,0.7894736842105263,0.6041666666666666,0.7324561403508771,0.8888888888888888,0.6,0.8888888888888888,0.6,0.6
eda_features_random_forest,word,suga,29,0.7931034482758621,0.6375,0.7439655172413793,0.8888888888888888,0.625,0.8888888888888888,0.625,0.625
eda_features_random_forest,period_label,1880-1883,40,0.825,0.738562091503268,0.8062091503267974,0.8284313725490196,0.7100313479623824,0.8284313725490196,0.7100313479623824,0.7100313479623824
eda_features_random_forest,period_label,1888-1891,27,0.6666666666666666,0.6136724960254372,0.629570747217806,0.7181818181818183,0.6333333333333333,0.7181818181818183,0.6333333333333333,0.6333333333333333
eda_features_random_forest,period_label,1896-1899,38,0.8157894736842105,0.7696969696969697,0.7968102073365231,0.8870967741935484,0.75,0.8870967741935484,0.75,0.75
eda_features_random_forest,period_label,1904-1907,27,0.7777777777777778,0.5597826086956521,0.7318840579710145,0.65,0.5595238095238095,0.65,0.5595238095238095,0.5595238095238095
eda_features_random_forest,period_label,1912-1915,28,0.7857142857142857,0.7375,0.7616071428571428,0.8695652173913043,0.7272727272727273,0.8695652173913043,0.7272727272727273,0.7272727272727273
eda_features_random_forest,period_label,2006-2007,53,0.9056603773584906,0.8933601609657947,0.9049770320033408,0.8995098039215685,0.888095238095238,0.8995098039215685,0.888095238095238,0.888095238095238
eda_features_random_forest,period_label,2010-2011,45,0.8444444444444444,0.8219332956472583,0.8374097104453239,0.8674242424242424,0.805672268907563,0.8674242424242424,0.805672268907563,0.805672268907563
eda_features_random_forest,period_label,2014-2015,50,0.84,0.8015873015873016,0.8365079365079364,0.817047817047817,0.7904761904761904,0.817047817047817,0.7904761904761904,0.7904761904761904
eda_features_random_forest,period_label,2018-2019,43,0.7674418604651163,0.7663043478260869,0.7651668351870576,0.7873303167420814,0.7760869565217392,0.7873303167420814,0.7760869565217392,0.7760869565217392
eda_features_random_forest,period_label,2022-2023,46,0.8913043478260869,0.8741105637657361,0.8923157468884605,0.8677419354838709,0.8816964285714286,0.8677419354838709,0.8816964285714286,0.8816964285714286
majority,word,dumpa,27,0.7407407407407407,0.425531914893617,0.6304176516942475,0.37037037037037035,0.5,0.37037037037037035,0.5,0.5
majority,word,exportera,33,0.12121212121212122,0.10810810810810811,0.02620802620802621,0.06060606060606061,0.5,0.06060606060606061,0.5,0.5
majority,word,fru,53,0.05660377358490566,0.05357142857142857,0.006064690026954177,0.02830188679245283,0.5,0.02830188679245283,0.5,0.5
majority,word,fröken,27,0.9259259259259259,0.4807692307692308,0.8903133903133904,0.46296296296296297,0.5,0.46296296296296297,0.5,0.5
majority,word,förort,26,0.5384615384615384,0.35,0.37692307692307686,0.2692307692307692,0.5,0.2692307692307692,0.5,0.5
majority,word,herre,57,0.9298245614035088,0.4818181818181818,0.8960127591706538,0.4649122807017544,0.5,0.4649122807017544,0.5,0.5
majority,word,kvinna,58,0.7758620689655172,0.4368932038834951,0.6779377301640441,0.3879310344827586,0.5,0.3879310344827586,0.5,0.5
majority,word,motiv,68,0.8382352941176471,0.456,0.7644705882352941,0.41911764705882354,0.5,0.41911764705882354,0.5,0.5
majority,word,skär,19,0.7368421052631579,0.42424242424242425,0.6251993620414673,0.3684210526315789,0.5,0.3684210526315789,0.5,0.5
majority,word,suga,29,0.7241379310344828,0.42,0.6082758620689656,0.3620689655172414,0.5,0.3620689655172414,0.5,0.5
majority,period_label,1880-1883,40,0.725,0.42028985507246375,0.6094202898550725,0.3625,0.5,0.3625,0.5,0.5
majority,period_label,1888-1891,27,0.5555555555555556,0.35714285714285715,0.39682539682539686,0.2777777777777778,0.5,0.2777777777777778,0.5,0.5
majority,period_label,1896-1899,38,0.631578947368421,0.3870967741935484,0.4889643463497453,0.3157894736842105,0.5,0.3157894736842105,0.5,0.5
majority,period_label,1904-1907,27,0.7777777777777778,0.4375,0.6805555555555556,0.3888888888888889,0.5,0.3888888888888889,0.5,0.5
majority,period_label,1912-1915,28,0.6071428571428571,0.37777777777777777,0.45873015873015877,0.30357142857142855,0.5,0.30357142857142855,0.5,0.5
majority,period_label,2006-2007,53,0.660377358490566,0.3977272727272727,0.5253001715265866,0.330188679245283,0.5,0.330188679245283,0.5,0.5
majority,period_label,2010-2011,45,0.6222222222222222,0.3835616438356164,0.4773211567732116,0.3111111111111111,0.5,0.3111111111111111,0.5,0.5
majority,period_label,2014-2015,50,0.7,0.4117647058823529,0.5764705882352941,0.35,0.5,0.35,0.5,0.5
majority,period_label,2018-2019,43,0.46511627906976744,0.31746031746031744,0.29531192321889993,0.23255813953488372,0.5,0.23255813953488372,0.5,0.5
majority,period_label,2022-2023,46,0.6956521739130435,0.41025641025641024,0.5707915273132664,0.34782608695652173,0.5,0.34782608695652173,0.5,0.5
tfidf_complement_nb,word,dumpa,27,0.7037037037037037,0.5090909090909091,0.6579124579124579,0.5416666666666666,0.5214285714285715,0.5416666666666666,0.5214285714285715,0.5214285714285715
tfidf_complement_nb,word,exportera,33,0.6666666666666666,0.593505039193729,0.7241508025382606,0.6333333333333333,0.8103448275862069,0.6333333333333333,0.8103448275862069,0.8103448275862069
tfidf_complement_nb,word,fru,53,0.33962264150943394,0.290088021431305,0.4563828174078807,0.49836601307189543,0.4933333333333333,0.49836601307189543,0.4933333333333333,0.4933333333333333
tfidf_complement_nb,word,fröken,27,0.9259259259259259,0.4807692307692308,0.8903133903133904,0.46296296296296297,0.5,0.46296296296296297,0.5,0.5
tfidf_complement_nb,word,förort,26,0.5769230769230769,0.4358974358974359,0.45759368836291914,0.78,0.5416666666666666,0.78,0.5416666666666666,0.5416666666666666
tfidf_complement_nb,word,herre,57,0.9298245614035088,0.4818181818181818,0.8960127591706538,0.4649122807017544,0.5,0.4649122807017544,0.5,0.5
tfidf_complement_nb,word,kvinna,58,0.7758620689655172,0.4368932038834951,0.6779377301640441,0.3879310344827586,0.5,0.3879310344827586,0.5,0.5
tfidf_complement_nb,word,motiv,68,0.8382352941176471,0.456,0.7644705882352941,0.41911764705882354,0.5,0.41911764705882354,0.5,0.5
tfidf_complement_nb,word,skär,19,0.7368421052631579,0.42424242424242425,0.6251993620414673,0.3684210526315789,0.5,0.3684210526315789,0.5,0.5
tfidf_complement_nb,word,suga,29,0.7586206896551724,0.5396825396825397,0.6819923371647509,0.875,0.5625,0.875,0.5625,0.5625
tfidf_complement_nb,period_label,1880-1883,40,0.75,0.5670995670995671,0.6937229437229437,0.7117117117117118,0.5736677115987461,0.7117117117117118,0.5736677115987461,0.5736677115987461
tfidf_complement_nb,period_label,1888-1891,27,0.5555555555555556,0.35714285714285715,0.39682539682539686,0.2777777777777778,0.5,0.2777777777777778,0.5,0.5
tfidf_complement_nb,period_label,1896-1899,38,0.631578947368421,0.3870967741935484,0.4889643463497453,0.3157894736842105,0.5,0.3157894736842105,0.5,0.5
tfidf_complement_nb,period_label,1904-1907,27,0.8518518518518519,0.7065217391304348,0.8212560386473429,0.9199999999999999,0.6666666666666666,0.9199999999999999,0.6666666666666666,0.6666666666666666
tfidf_complement_nb,period_label,1912-1915,28,0.6785714285714286,0.5491949910554561,0.6009455660618451,0.8269230769230769,0.5909090909090909,0.8269230769230769,0.5909090909090909,0.5909090909090909
tfidf_complement_nb,period_label,2006-2007,53,0.8113207547169812,0.7451923076923077,0.7868287373004355,0.8888888888888888,0.7222222222222222,0.8888888888888888,0.7222222222222222,0.7222222222222222
tfidf_complement_nb,period_label,2010-2011,45,0.7333333333333333,0.6390374331550802,0.6841354723707664,0.85,0.6470588235294118,0.85,0.6470588235294118,0.6470588235294118
tfidf_complement_nb,period_label,2014-2015,50,0.78,0.6684749849306811,0.7453887884267631,0.803030303030303,0.6523809523809524,0.803030303030303,0.6523809523809524,0.6523809523809524
tfidf_complement_nb,period_label,2018-2019,43,0.5813953488372093,0.5392857142857144,0.5295681063122923,0.6924603174603174,0.6054347826086957,0.6924603174603174,0.6054347826086957,0.6054347826086957
tfidf_complement_nb,period_label,2022-2023,46,0.8478260869565217,0.784037558685446,0.8299652990406206,0.9102564102564102,0.75,0.9102564102564102,0.75,0.75
tfidf_logistic_regression,word,dumpa,27,0.6296296296296297,0.5178571428571428,0.6296296296296297,0.5178571428571428,0.5178571428571428,0.5178571428571428,0.5178571428571428,0.5178571428571428
tfidf_logistic_regression,word,exportera,33,0.9090909090909091,0.7602905569007263,0.903367818622056,0.8,0.7327586206896552,0.8,0.7327586206896552,0.7327586206896552
tfidf_logistic_regression,word,fru,53,0.9433962264150944,0.6851485148514851,0.9380160657575192,0.7303921568627452,0.6566666666666666,0.7303921568627452,0.6566666666666666,0.6566666666666666
tfidf_logistic_regression,word,fröken,27,0.9259259259259259,0.73,0.9259259259259259,0.73,0.73,0.73,0.73,0.73
tfidf_logistic_regression,word,förort,26,0.7692307692307693,0.75625,0.760576923076923,0.7986111111111112,0.7559523809523809,0.7986111111111112,0.7559523809523809,0.7559523809523809
tfidf_logistic_regression,word,herre,57,0.9473684210526315,0.6862385321100918,0.9323032351521006,0.9732142857142857,0.625,0.9732142857142857,0.625,0.625
tfidf_logistic_regression,word,kvinna,58,0.6379310344827587,0.3894736842105263,0.604355716878403,0.37,0.4111111111111111,0.37,0.4111111111111111,0.4111111111111111
tfidf_logistic_regression,word,motiv,68,0.8382352941176471,0.6635177687809266,0.8275383027705009,0.6916666666666667,0.6467304625199362,0.6916666666666667,0.6467304625199362,0.6467304625199362
tfidf_logistic_regression,word,skär,19,0.6842105263157895,0.40625,0.5986842105263158,0.3611111111111111,0.4642857142857143,0.3611111111111111,0.4642857142857143,0.4642857142857143
tfidf_logistic_regression,word,suga,29,0.7241379310344828,0.5797101449275363,0.6901549225387307,0.63,0.5773809523809523,0.63,0.5773809523809523,0.5773809523809523
tfidf_logistic_regression,period_label,1880-1883,40,0.775,0.6893874029335634,0.762769628990509,0.71875,0.6755485893416928,0.71875,0.6755485893416928,0.6755485893416928
tfidf_logistic_regression,period_label,1888-1891,27,0.7037037037037037,0.6823529411764706,0.6915032679738561,0.7171052631578947,0.6833333333333333,0.7171052631578947,0.6833333333333333,0.6833333333333333
tfidf_logistic_regression,period_label,1896-1899,38,0.7368421052631579,0.6955128205128205,0.725033738191633,0.725,0.6875,0.725,0.6875,0.6875
tfidf_logistic_regression,period_label,1904-1907,27,0.8148148148148148,0.7467166979362101,0.8196789660204294,0.7357142857142858,0.7619047619047619,0.7357142857142858,0.7619047619047619,0.7619047619047619
tfidf_logistic_regression,period_label,1912-1915,28,0.7857142857142857,0.7543859649122806,0.7731829573934836,0.8095238095238095,0.7433155080213903,0.8095238095238095,0.7433155080213903,0.7433155080213903
tfidf_logistic_regression,period_label,2006-2007,53,0.8679245283018868,0.8459941884599418,0.864634977325595,0.8675438596491228,0.8325396825396825,0.8675438596491228,0.8325396825396825,0.8325396825396825
tfidf_logistic_regression,period_label,2010-2011,45,0.8,0.7710570944036179,0.7909553420011305,0.8106060606060606,0.7584033613445378,0.8106060606060606,0.7584033613445378,0.7584033613445378
tfidf_logistic_regression,period_label,2014-2015,50,0.84,0.8161764705882353,0.8426470588235294,0.8074866310160428,0.8285714285714285,0.8074866310160428,0.8285714285714285,0.8285714285714285
tfidf_logistic_regression,period_label,2018-2019,43,0.813953488372093,0.8138528138528138,0.8135507902949762,0.8223684210526316,0.8195652173913044,0.8223684210526316,0.8195652173913044,0.8195652173913044
tfidf_logistic_regression,period_label,2022-2023,46,0.9347826086956522,0.9270227392913801,0.9363345825765066,0.9117647058823529,0.953125,0.9117647058823529,0.953125,0.953125
word_char_tfidf_linear_svm,word,dumpa,27,0.6666666666666666,0.5440900562851783,0.6579111944965603,0.5476190476190476,0.5428571428571429,0.5476190476190476,0.5428571428571429,0.5428571428571429
word_char_tfidf_linear_svm,word,exportera,33,0.9090909090909091,0.6754098360655738,0.884053651266766,0.953125,0.625,0.953125,0.625,0.625
word_char_tfidf_linear_svm,word,fru,53,0.9056603773584906,0.6176046176046176,0.9119224590922703,0.6045918367346939,0.6366666666666666,0.6045918367346939,0.6366666666666666,0.6366666666666666
word_char_tfidf_linear_svm,word,fröken,27,0.9259259259259259,0.4807692307692308,0.8903133903133904,0.46296296296296297,0.5,0.46296296296296297,0.5,0.5
word_char_tfidf_linear_svm,word,förort,26,0.8076923076923077,0.8050974512743628,0.8068273555529928,0.8090909090909091,0.8035714285714286,0.8090909090909091,0.8035714285714286,0.8035714285714286
word_char_tfidf_linear_svm,word,herre,57,0.9298245614035088,0.4818181818181818,0.8960127591706538,0.4649122807017544,0.5,0.4649122807017544,0.5,0.5
word_char_tfidf_linear_svm,word,kvinna,58,0.7241379310344828,0.4739229024943311,0.6740949253264524,0.4867924528301887,0.49401709401709404,0.4867924528301887,0.49401709401709404,0.49401709401709404
word_char_tfidf_linear_svm,word,motiv,68,0.8676470588235294,0.6628099173553719,0.8405930967428293,0.8125,0.6275917065390749,0.8125,0.6275917065390749,0.6275917065390749
word_char_tfidf_linear_svm,word,skär,19,0.7894736842105263,0.6833333333333333,0.7701754385964912,0.7395833333333333,0.6642857142857144,0.7395833333333333,0.6642857142857144,0.6642857142857144
word_char_tfidf_linear_svm,word,suga,29,0.7586206896551724,0.652991452991453,0.7388152077807251,0.6958333333333333,0.6398809523809523,0.6958333333333333,0.6398809523809523,0.6398809523809523
word_char_tfidf_linear_svm,period_label,1880-1883,40,0.85,0.7849462365591398,0.8381720430107527,0.8528138528138528,0.755485893416928,0.8528138528138528,0.755485893416928,0.755485893416928
word_char_tfidf_linear_svm,period_label,1888-1891,27,0.7037037037037037,0.6823529411764706,0.6915032679738561,0.7171052631578947,0.6833333333333333,0.7171052631578947,0.6833333333333333,0.6833333333333333
word_char_tfidf_linear_svm,period_label,1896-1899,38,0.7368421052631579,0.6607142857142857,0.7030075187969925,0.7760416666666667,0.6577380952380952,0.7760416666666667,0.6577380952380952,0.6577380952380952
word_char_tfidf_linear_svm,period_label,1904-1907,27,0.8148148148148148,0.7145877378435518,0.8085506225041109,0.7318181818181818,0.7023809523809523,0.7318181818181818,0.7023809523809523,0.7023809523809523
word_char_tfidf_linear_svm,period_label,1912-1915,28,0.8571428571428571,0.8362573099415205,0.8487886382623225,0.9047619047619048,0.8181818181818181,0.9047619047619048,0.8181818181818181,0.8181818181818181
word_char_tfidf_linear_svm,period_label,2006-2007,53,0.9056603773584906,0.8899958488999584,0.9033106980897108,0.9140350877192982,0.8746031746031746,0.9140350877192982,0.8746031746031746,0.8746031746031746
word_char_tfidf_linear_svm,period_label,2010-2011,45,0.8666666666666667,0.8500000000000001,0.8622222222222221,0.8834134615384616,0.8350840336134454,0.8834134615384616,0.8350840336134454,0.8350840336134454
word_char_tfidf_linear_svm,period_label,2014-2015,50,0.82,0.7964721845318861,0.8241519674355495,0.7864583333333333,0.8142857142857143,0.7864583333333333,0.8142857142857143,0.8142857142857143
word_char_tfidf_linear_svm,period_label,2018-2019,43,0.7906976744186046,0.7906976744186046,0.7906976744186046,0.7945652173913043,0.7945652173913043,0.7945652173913043,0.7945652173913043,0.7945652173913043
word_char_tfidf_linear_svm,period_label,2022-2023,46,0.9565217391304348,0.9505376344086022,0.9572697522206638,0.9375,0.96875,0.9375,0.96875,0.96875
frozen_xlmr_linear_svm,word,dumpa,27,0.6666666666666666,0.5440900562851783,0.6579111944965603,0.5476190476190476,0.5428571428571429,0.5476190476190476,0.5428571428571429,0.5428571428571429
frozen_xlmr_linear_svm,word,exportera,33,0.9090909090909091,0.7602905569007263,0.903367818622056,0.8,0.7327586206896552,0.8,0.7327586206896552,0.7327586206896552
frozen_xlmr_linear_svm,word,fru,53,0.7735849056603774,0.43617021276595747,0.8229626655961463,0.4659090909090909,0.41,0.4659090909090909,0.41,0.41
frozen_xlmr_linear_svm,word,fröken,27,0.5925925925925926,0.37209302325581395,0.6890611541774333,0.4444444444444444,0.32,0.4444444444444444,0.32,0.32
frozen_xlmr_linear_svm,word,förort,26,0.5769230769230769,0.5762962962962963,0.5775498575498575,0.5769230769230769,0.5773809523809523,0.5769230769230769,0.5773809523809523,0.5773809523809523
frozen_xlmr_linear_svm,word,herre,57,0.7894736842105263,0.4411764705882353,0.8204334365325078,0.45918367346938777,0.42452830188679247,0.45918367346938777,0.42452830188679247,0.42452830188679247
frozen_xlmr_linear_svm,word,kvinna,58,0.6896551724137931,0.6255380200860832,0.7110275565230297,0.6229086229086229,0.6632478632478633,0.6229086229086229,0.6632478632478633,0.6632478632478633
frozen_xlmr_linear_svm,word,motiv,68,0.75,0.6448540706605222,0.7755760368663595,0.6333333333333333,0.70414673046252,0.6333333333333333,0.70414673046252,0.70414673046252
frozen_xlmr_linear_svm,word,skär,19,0.7368421052631579,0.6360153256704981,0.726759427303892,0.65,0.6285714285714286,0.65,0.6285714285714286,0.6285714285714286
frozen_xlmr_linear_svm,word,suga,29,0.6896551724137931,0.5953488372093023,0.6829190056134722,0.6006493506493507,0.5922619047619048,0.6006493506493507,0.5922619047619048,0.5922619047619048
frozen_xlmr_linear_svm,period_label,1880-1883,40,0.775,0.7381818181818182,0.7823636363636364,0.728021978021978,0.7601880877742947,0.728021978021978,0.7601880877742947,0.7601880877742947
frozen_xlmr_linear_svm,period_label,1888-1891,27,0.7037037037037037,0.7032967032967032,0.7020757020757021,0.7215909090909092,0.7166666666666667,0.7215909090909092,0.7166666666666667,0.7166666666666667
frozen_xlmr_linear_svm,period_label,1896-1899,38,0.6578947368421053,0.6518675123326286,0.663921961351582,0.6578947368421053,0.6696428571428572,0.6578947368421053,0.6696428571428572,0.6696428571428572
frozen_xlmr_linear_svm,period_label,1904-1907,27,0.6666666666666666,0.5846153846153846,0.6871794871794871,0.5833333333333334,0.6071428571428572,0.5833333333333334,0.6071428571428572,0.6071428571428572
frozen_xlmr_linear_svm,period_label,1912-1915,28,0.5714285714285714,0.5508021390374331,0.5714285714285714,0.5508021390374331,0.5508021390374331,0.5508021390374331,0.5508021390374331,0.5508021390374331
frozen_xlmr_linear_svm,period_label,2006-2007,53,0.7924528301886793,0.7653923541247485,0.7909494704073496,0.7696078431372549,0.7619047619047619,0.7696078431372549,0.7619047619047619,0.7619047619047619
frozen_xlmr_linear_svm,period_label,2010-2011,45,0.7555555555555555,0.7428571428571429,0.7568253968253968,0.7407407407407407,0.7457983193277311,0.7407407407407407,0.7457983193277311,0.7457983193277311
frozen_xlmr_linear_svm,period_label,2014-2015,50,0.76,0.732620320855615,0.7668449197860963,0.7249575551782683,0.7523809523809524,0.7249575551782683,0.7523809523809524,0.7523809523809524
frozen_xlmr_linear_svm,period_label,2018-2019,43,0.7674418604651163,0.7673160173160173,0.7676935467633141,0.7683982683982684,0.7695652173913043,0.7683982683982684,0.7695652173913043,0.7695652173913043
frozen_xlmr_linear_svm,period_label,2022-2023,46,0.7391304347826086,0.7125,0.7467391304347827,0.7063492063492063,0.7321428571428572,0.7063492063492063,0.7321428571428572,0.7321428571428572
frozen_xlmr_logistic_regression,word,dumpa,27,0.6666666666666666,0.5440900562851783,0.6579111944965603,0.5476190476190476,0.5428571428571429,0.5476190476190476,0.5428571428571429,0.5428571428571429
frozen_xlmr_logistic_regression,word,exportera,33,0.9090909090909091,0.6754098360655738,0.884053651266766,0.953125,0.625,0.953125,0.625,0.625
frozen_xlmr_logistic_regression,word,fru,53,0.7547169811320755,0.43010752688172044,0.8115236356258876,0.46511627906976744,0.4,0.46511627906976744,0.4,0.4
frozen_xlmr_logistic_regression,word,fröken,27,0.5925925925925926,0.37209302325581395,0.6890611541774333,0.4444444444444444,0.32,0.4444444444444444,0.32,0.32
frozen_xlmr_logistic_regression,word,förort,26,0.5769230769230769,0.5762962962962963,0.5775498575498575,0.5769230769230769,0.5773809523809523,0.5769230769230769,0.5773809523809523,0.5773809523809523
frozen_xlmr_logistic_regression,word,herre,57,0.7894736842105263,0.5114285714285715,0.8282706766917293,0.5180851063829788,0.5400943396226415,0.5180851063829788,0.5400943396226415,0.5400943396226415
frozen_xlmr_logistic_regression,word,kvinna,58,0.6551724137931034,0.5839311334289814,0.6789195072478108,0.5855855855855856,0.6136752136752137,0.5855855855855856,0.6136752136752137,0.6136752136752137
frozen_xlmr_logistic_regression,word,motiv,68,0.7794117647058824,0.6866359447004609,0.8019788560585525,0.66875,0.7583732057416268,0.66875,0.7583732057416268,0.7583732057416268
frozen_xlmr_logistic_regression,word,skär,19,0.7368421052631579,0.6360153256704981,0.726759427303892,0.65,0.6285714285714286,0.65,0.6285714285714286,0.6285714285714286
frozen_xlmr_logistic_regression,word,suga,29,0.7931034482758621,0.7410714285714286,0.7931034482758621,0.7410714285714286,0.7410714285714286,0.7410714285714286,0.7410714285714286,0.7410714285714286
frozen_xlmr_logistic_regression,period_label,1880-1883,40,0.775,0.7381818181818182,0.7823636363636364,0.728021978021978,0.7601880877742947,0.728021978021978,0.7601880877742947,0.7601880877742947
frozen_xlmr_logistic_regression,period_label,1888-1891,27,0.6296296296296297,0.625,0.6203703703703703,0.6666666666666667,0.65,0.6666666666666667,0.65,0.65
frozen_xlmr_logistic_regression,period_label,1896-1899,38,0.7105263157894737,0.700358422939068,0.7148839841539332,0.6988795518207283,0.7113095238095238,0.6988795518207283,0.7113095238095238,0.7113095238095238
frozen_xlmr_logistic_regression,period_label,1904-1907,27,0.7037037037037037,0.6142857142857143,0.7174603174603176,0.6085526315789473,0.6309523809523809,0.6085526315789473,0.6309523809523809,0.6309523809523809
frozen_xlmr_logistic_regression,period_label,1912-1915,28,0.5714285714285714,0.5508021390374331,0.5714285714285714,0.5508021390374331,0.5508021390374331,0.5508021390374331,0.5508021390374331,0.5508021390374331
frozen_xlmr_logistic_regression,period_label,2006-2007,53,0.8301886792452831,0.8131609870740306,0.8312529100059863,0.8095975232198143,0.8174603174603174,0.8095975232198143,0.8174603174603174,0.8174603174603174
frozen_xlmr_logistic_regression,period_label,2010-2011,45,0.7777777777777778,0.7722672064777327,0.7809266756635177,0.7708333333333333,0.7867647058823529,0.7708333333333333,0.7867647058823529,0.7867647058823529
frozen_xlmr_logistic_regression,period_label,2014-2015,50,0.76,0.7395833333333333,0.76875,0.7339901477832512,0.7714285714285715,0.7339901477832512,0.7714285714285715,0.7714285714285715
frozen_xlmr_logistic_regression,period_label,2018-2019,43,0.7209302325581395,0.7207792207792207,0.7203261854424646,0.7280701754385965,0.7260869565217392,0.7280701754385965,0.7260869565217392,0.7260869565217392
frozen_xlmr_logistic_regression,period_label,2022-2023,46,0.7391304347826086,0.7125,0.7467391304347827,0.7063492063492063,0.7321428571428572,0.7063492063492063,0.7321428571428572,0.7321428571428572
